{
  "branch_class": "VARIABLE_OR_UNRESOLVED",
  "branch_confidence": "HIGH",
  "branch_rank": 620,
  "branch_rank_score": 0.4089644736601941,
  "cluster_id": "MESSIER_066_branch_0029",
  "dec_deg": 13.00453998814129,
  "dust_survivor_score": 0.16000000000000003,
  "export_failure_score": 0.4926149020721984,
  "galaxy_name": "MESSIER 066",
  "partial_branch_score": 0.280086178908784,
  "ra_deg": 170.06210567922946,
  "reason_codes": [
    "BENCHMARK_GUARDRAIL_OK",
    "LONG_BASELINE_SUPPORT",
    "REBRIGHTENING_OR_RETURN"
  ],
  "systematic_risk": 0.0954074883456617,
  "unresolved_variability_score": 0.6927030445598639
}
