{
  "branch_class": "VARIABLE_OR_UNRESOLVED",
  "branch_confidence": "MEDIUM",
  "branch_rank": 780,
  "branch_rank_score": 0.3215175966672428,
  "cluster_id": "MESSIER_061_branch_0178",
  "dec_deg": 4.471547535725508,
  "dust_survivor_score": 0.215,
  "export_failure_score": 0.43889609004355745,
  "galaxy_name": "MESSIER 061",
  "partial_branch_score": 0.2696547201350175,
  "ra_deg": 185.47807510775473,
  "reason_codes": [
    "BENCHMARK_GUARDRAIL_OK",
    "LONG_BASELINE_SUPPORT",
    "REBRIGHTENING_OR_RETURN"
  ],
  "systematic_risk": 0.1436583198840149,
  "unresolved_variability_score": 0.6562114016150269
}
