{
  "branch_class": "VARIABLE_OR_UNRESOLVED",
  "branch_confidence": "MEDIUM",
  "branch_rank": 834,
  "branch_rank_score": 0.2210031374467389,
  "cluster_id": "MESSIER_061_branch_0193",
  "dec_deg": 4.483611027007536,
  "dust_survivor_score": 0.255,
  "export_failure_score": 0.37326892714446663,
  "galaxy_name": "MESSIER 061",
  "partial_branch_score": 0.31642202383608675,
  "ra_deg": 185.47974097106086,
  "reason_codes": [
    "BENCHMARK_GUARDRAIL_OK",
    "LONG_BASELINE_SUPPORT",
    "REBRIGHTENING_OR_RETURN"
  ],
  "systematic_risk": 0.14064617945605068,
  "unresolved_variability_score": 0.7466845584133264
}
