{
  "branch_class": "VARIABLE_OR_UNRESOLVED",
  "branch_confidence": "HIGH",
  "branch_rank": 660,
  "branch_rank_score": 0.4063319081134029,
  "cluster_id": "MESSIER_066_branch_0094",
  "dec_deg": 12.997937903283468,
  "dust_survivor_score": 0.26,
  "export_failure_score": 0.41857798272772306,
  "galaxy_name": "MESSIER 066",
  "partial_branch_score": 0.41754238040897595,
  "ra_deg": 170.05333034439016,
  "reason_codes": [
    "BENCHMARK_GUARDRAIL_OK",
    "LONG_BASELINE_SUPPORT",
    "REBRIGHTENING_OR_RETURN"
  ],
  "systematic_risk": 0.12574999250077465,
  "unresolved_variability_score": 0.7085801763930053
}
