{
  "branch_class": "VARIABLE_OR_UNRESOLVED",
  "branch_confidence": "LOW",
  "branch_rank": 508,
  "branch_rank_score": 0.4810316701531955,
  "cluster_id": "MESSIER_061_branch_0305",
  "dec_deg": 4.473272981110637,
  "dust_survivor_score": 0.11,
  "export_failure_score": 0.4597686988061245,
  "galaxy_name": "MESSIER 061",
  "partial_branch_score": 0.4536681543763135,
  "ra_deg": 185.47705266655112,
  "reason_codes": [
    "BENCHMARK_GUARDRAIL_OK",
    "COVERAGE_LIMITED",
    "LONG_BASELINE_SUPPORT"
  ],
  "systematic_risk": 0.1720315514478507,
  "unresolved_variability_score": 0.5434181213974328
}
