{
  "branch_class": "VARIABLE_OR_UNRESOLVED",
  "branch_confidence": "LOW",
  "branch_rank": 455,
  "branch_rank_score": 0.5182323784499409,
  "cluster_id": "MESSIER_066_branch_0100",
  "dec_deg": 12.999298830358809,
  "dust_survivor_score": 0.12,
  "export_failure_score": 0.5246814696799116,
  "galaxy_name": "MESSIER 066",
  "partial_branch_score": 0.46185406424017184,
  "ra_deg": 170.06067400554198,
  "reason_codes": [
    "BENCHMARK_GUARDRAIL_OK",
    "LONG_BASELINE_SUPPORT",
    "REBRIGHTENING_OR_RETURN"
  ],
  "systematic_risk": 0.14110059188068935,
  "unresolved_variability_score": 0.5806909551421796
}
