{
  "branch_class": "VARIABLE_OR_UNRESOLVED",
  "branch_confidence": "MEDIUM",
  "branch_rank": 730,
  "branch_rank_score": 0.279986836599557,
  "cluster_id": "MESSIER_061_branch_0360",
  "dec_deg": 4.4902295605442974,
  "dust_survivor_score": 0.17500000000000002,
  "export_failure_score": 0.43501594929990633,
  "galaxy_name": "MESSIER 061",
  "partial_branch_score": 0.3963181977430428,
  "ra_deg": 185.48569105507377,
  "reason_codes": [
    "BENCHMARK_GUARDRAIL_OK",
    "LONG_BASELINE_SUPPORT",
    "REBRIGHTENING_OR_RETURN"
  ],
  "systematic_risk": 0.16199451457252048,
  "unresolved_variability_score": 0.5771434256811874
}
