{
  "branch_class": "VARIABLE_OR_UNRESOLVED",
  "branch_confidence": "MEDIUM",
  "branch_rank": 694,
  "branch_rank_score": 0.2979222914099505,
  "cluster_id": "MESSIER_066_branch_0237",
  "dec_deg": 12.985859709196227,
  "dust_survivor_score": 0.13999999999999999,
  "export_failure_score": 0.431083359860267,
  "galaxy_name": "MESSIER 066",
  "partial_branch_score": 0.47679456616851745,
  "ra_deg": 170.06546962575834,
  "reason_codes": [
    "BENCHMARK_GUARDRAIL_OK",
    "LONG_BASELINE_SUPPORT",
    "REBRIGHTENING_OR_RETURN"
  ],
  "systematic_risk": 0.1742524178709292,
  "unresolved_variability_score": 0.6761375895717436
}
