{
  "branch_class": "VARIABLE_OR_UNRESOLVED",
  "branch_confidence": "HIGH",
  "branch_rank": 748,
  "branch_rank_score": 0.3614369420379142,
  "cluster_id": "MESSIER_066_branch_0127",
  "dec_deg": 12.991394731825698,
  "dust_survivor_score": 0.27,
  "export_failure_score": 0.39347365593459704,
  "galaxy_name": "MESSIER 066",
  "partial_branch_score": 0.36663444238835563,
  "ra_deg": 170.06665727116103,
  "reason_codes": [
    "BENCHMARK_GUARDRAIL_OK",
    "LONG_BASELINE_SUPPORT",
    "REBRIGHTENING_OR_RETURN"
  ],
  "systematic_risk": 0.12381546466760764,
  "unresolved_variability_score": 0.733708711248456
}
