{
  "branch_class": "DUST_SURVIVOR_LIKE",
  "branch_confidence": "MEDIUM",
  "branch_rank": 771,
  "branch_rank_score": 0.262226475940537,
  "cluster_id": "MESSIER_066_branch_0283",
  "dec_deg": 12.992874690104642,
  "dust_survivor_score": 0.6900000000000001,
  "export_failure_score": 0.5104114385518819,
  "galaxy_name": "MESSIER 066",
  "partial_branch_score": 0.5432332436740037,
  "ra_deg": 170.06998601177887,
  "reason_codes": [
    "BENCHMARK_GUARDRAIL_OK",
    "DUST_COMPETITOR_PRESENT",
    "LONG_BASELINE_SUPPORT",
    "PERSISTENT_FADE_SUPPORT"
  ],
  "systematic_risk": 0.16552378120698824,
  "unresolved_variability_score": 0.3517532451491664
}
