{
  "branch_class": "VARIABLE_OR_UNRESOLVED",
  "branch_confidence": "MEDIUM",
  "branch_rank": 570,
  "branch_rank_score": 0.3634005889923667,
  "cluster_id": "MESSIER_066_branch_0215",
  "dec_deg": 12.984500278012236,
  "dust_survivor_score": 0.16000000000000003,
  "export_failure_score": 0.46915178436692606,
  "galaxy_name": "MESSIER 066",
  "partial_branch_score": 0.38947742385083356,
  "ra_deg": 170.0699818512685,
  "reason_codes": [
    "BENCHMARK_GUARDRAIL_OK",
    "LONG_BASELINE_SUPPORT",
    "REBRIGHTENING_OR_RETURN"
  ],
  "systematic_risk": 0.1185184653955538,
  "unresolved_variability_score": 0.650359391707296
}
