{
  "branch_class": "VARIABLE_OR_UNRESOLVED",
  "branch_confidence": "HIGH",
  "branch_rank": 706,
  "branch_rank_score": 0.38849973816179373,
  "cluster_id": "MESSIER_066_branch_0181",
  "dec_deg": 12.979412456225672,
  "dust_survivor_score": 0.27,
  "export_failure_score": 0.4127548645509157,
  "galaxy_name": "MESSIER 066",
  "partial_branch_score": 0.38135787528812765,
  "ra_deg": 170.06427905839905,
  "reason_codes": [
    "BENCHMARK_GUARDRAIL_OK",
    "LONG_BASELINE_SUPPORT",
    "REBRIGHTENING_OR_RETURN"
  ],
  "systematic_risk": 0.10999993911558262,
  "unresolved_variability_score": 0.718985278348684
}
