{
  "branch_class": "VARIABLE_OR_UNRESOLVED",
  "branch_confidence": "HIGH",
  "branch_rank": 738,
  "branch_rank_score": 0.3500872496801747,
  "cluster_id": "MESSIER_066_branch_0188",
  "dec_deg": 12.986113400888772,
  "dust_survivor_score": 0.16000000000000003,
  "export_failure_score": 0.445794091811448,
  "galaxy_name": "MESSIER 066",
  "partial_branch_score": 0.26821854069836754,
  "ra_deg": 170.074032443592,
  "reason_codes": [
    "BENCHMARK_GUARDRAIL_OK",
    "LONG_BASELINE_SUPPORT",
    "REBRIGHTENING_OR_RETURN"
  ],
  "systematic_risk": 0.1271035392885615,
  "unresolved_variability_score": 0.7045706827702802
}
