{
  "branch_class": "VARIABLE_OR_UNRESOLVED",
  "branch_confidence": "HIGH",
  "branch_rank": 869,
  "branch_rank_score": 0.22490264183043882,
  "cluster_id": "NGC_4388_branch_0013",
  "dec_deg": 12.660966134706268,
  "dust_survivor_score": 0.2366666666666667,
  "export_failure_score": 0.33343560876390266,
  "galaxy_name": "NGC 4388",
  "partial_branch_score": 0.30774942468972283,
  "ra_deg": 186.44481884166933,
  "reason_codes": [
    "BENCHMARK_GUARDRAIL_OK",
    "LONG_BASELINE_SUPPORT",
    "REBRIGHTENING_OR_RETURN",
    "REGISTRATION_WEAK"
  ],
  "systematic_risk": 0.32100923209246035,
  "unresolved_variability_score": 0.5889161237687787
}
