{
  "branch_class": "VARIABLE_OR_UNRESOLVED",
  "branch_confidence": "HIGH",
  "branch_rank": 850,
  "branch_rank_score": 0.27026863158938474,
  "cluster_id": "MESSIER_061_branch_0188",
  "dec_deg": 4.482178028362469,
  "dust_survivor_score": 0.28,
  "export_failure_score": 0.3410082694797248,
  "galaxy_name": "MESSIER 061",
  "partial_branch_score": 0.2980140166636952,
  "ra_deg": 185.48152039675787,
  "reason_codes": [
    "BENCHMARK_GUARDRAIL_OK",
    "LONG_BASELINE_SUPPORT",
    "REBRIGHTENING_OR_RETURN"
  ],
  "systematic_risk": 0.16708396530157377,
  "unresolved_variability_score": 0.7575335917893493
}
