{
  "branch_class": "VARIABLE_OR_UNRESOLVED",
  "branch_confidence": "LOW",
  "branch_rank": 481,
  "branch_rank_score": 0.49805012217670813,
  "cluster_id": "MESSIER_061_branch_0174",
  "dec_deg": 4.481313770130406,
  "dust_survivor_score": 0.15000000000000002,
  "export_failure_score": 0.5113994513080082,
  "galaxy_name": "MESSIER 061",
  "partial_branch_score": 0.3820538003490178,
  "ra_deg": 185.48066481239752,
  "reason_codes": [
    "BENCHMARK_GUARDRAIL_OK",
    "LONG_BASELINE_SUPPORT",
    "REBRIGHTENING_OR_RETURN"
  ],
  "systematic_risk": 0.12117809615485178,
  "unresolved_variability_score": 0.5492316397631742
}
