{
  "branch_class": "VARIABLE_OR_UNRESOLVED",
  "branch_confidence": "MEDIUM",
  "branch_rank": 687,
  "branch_rank_score": 0.37620879876671304,
  "cluster_id": "MESSIER_061_branch_0353",
  "dec_deg": 4.483242902357613,
  "dust_survivor_score": 0.17500000000000002,
  "export_failure_score": 0.4365980525148,
  "galaxy_name": "MESSIER 061",
  "partial_branch_score": 0.3859788982451813,
  "ra_deg": 185.48147990743766,
  "reason_codes": [
    "BENCHMARK_GUARDRAIL_OK",
    "LONG_BASELINE_SUPPORT",
    "REBRIGHTENING_OR_RETURN"
  ],
  "systematic_risk": 0.17227168471320134,
  "unresolved_variability_score": 0.5698872235048631
}
