{
  "branch_class": "VARIABLE_OR_UNRESOLVED",
  "branch_confidence": "HIGH",
  "branch_rank": 554,
  "branch_rank_score": 0.4564577267870909,
  "cluster_id": "MESSIER_066_branch_0086",
  "dec_deg": 12.982523291879803,
  "dust_survivor_score": 0.13999999999999999,
  "export_failure_score": 0.48190764890419363,
  "galaxy_name": "MESSIER 066",
  "partial_branch_score": 0.41802203750778766,
  "ra_deg": 170.07705707252535,
  "reason_codes": [
    "BENCHMARK_GUARDRAIL_OK",
    "LONG_BASELINE_SUPPORT",
    "REBRIGHTENING_OR_RETURN"
  ],
  "systematic_risk": 0.1345606781916458,
  "unresolved_variability_score": 0.644821116129024
}
