{
  "branch_class": "VARIABLE_OR_UNRESOLVED",
  "branch_confidence": "MEDIUM",
  "branch_rank": 891,
  "branch_rank_score": 0.14289362799751834,
  "cluster_id": "MESSIER_061_branch_0312",
  "dec_deg": 4.480987154527331,
  "dust_survivor_score": 0.17600000000000002,
  "export_failure_score": 0.32494461650183903,
  "galaxy_name": "MESSIER 061",
  "partial_branch_score": 0.29073237509441424,
  "ra_deg": 185.47759408438097,
  "reason_codes": [
    "BENCHMARK_GUARDRAIL_OK",
    "LONG_BASELINE_SUPPORT",
    "REBRIGHTENING_OR_RETURN"
  ],
  "systematic_risk": 0.29150213904238886,
  "unresolved_variability_score": 0.7514980922613885
}
