{
  "branch_class": "VARIABLE_OR_UNRESOLVED",
  "branch_confidence": "MEDIUM",
  "branch_rank": 648,
  "branch_rank_score": 0.319953143503113,
  "cluster_id": "MESSIER_066_branch_0103",
  "dec_deg": 12.995436656301063,
  "dust_survivor_score": 0.16000000000000003,
  "export_failure_score": 0.4502092985822267,
  "galaxy_name": "MESSIER 066",
  "partial_branch_score": 0.40358329317104014,
  "ra_deg": 170.0696529433852,
  "reason_codes": [
    "BENCHMARK_GUARDRAIL_OK",
    "LONG_BASELINE_SUPPORT",
    "REBRIGHTENING_OR_RETURN"
  ],
  "systematic_risk": 0.11231624137810048,
  "unresolved_variability_score": 0.7225392636309411
}
