{
  "branch_class": "VARIABLE_OR_UNRESOLVED",
  "branch_confidence": "HIGH",
  "branch_rank": 648,
  "branch_rank_score": 0.4115146020010403,
  "cluster_id": "MESSIER_061_branch_0031",
  "dec_deg": 4.479922012520973,
  "dust_survivor_score": 0.16000000000000003,
  "export_failure_score": 0.4506076316558852,
  "galaxy_name": "MESSIER 061",
  "partial_branch_score": 0.3448753260202548,
  "ra_deg": 185.4785509666252,
  "reason_codes": [
    "BENCHMARK_GUARDRAIL_OK",
    "LONG_BASELINE_SUPPORT",
    "MULTI_PAIR_LOCALIZATION",
    "REBRIGHTENING_OR_RETURN"
  ],
  "systematic_risk": 0.17159201469808227,
  "unresolved_variability_score": 0.6477564142757078
}
