{
  "branch_class": "INTERMEDIATE_BRANCH_LIKE",
  "branch_confidence": "MEDIUM",
  "branch_rank": 303,
  "branch_rank_score": 0.677547532641539,
  "cluster_id": "MESSIER_066_branch_0128",
  "dec_deg": 12.987978615962595,
  "dust_survivor_score": 0.13,
  "export_failure_score": 0.6402301277427049,
  "galaxy_name": "MESSIER 066",
  "partial_branch_score": 0.5358632218428677,
  "ra_deg": 170.05670727862082,
  "reason_codes": [
    "BENCHMARK_GUARDRAIL_OK",
    "LONG_BASELINE_SUPPORT"
  ],
  "systematic_risk": 0.11583497777973624,
  "unresolved_variability_score": 0.34192140123476267
}
