{
  "branch_class": "VARIABLE_OR_UNRESOLVED",
  "branch_confidence": "LOW",
  "branch_rank": 496,
  "branch_rank_score": 0.40139722560721824,
  "cluster_id": "MESSIER_066_branch_0144",
  "dec_deg": 12.98159862367906,
  "dust_survivor_score": 0.2,
  "export_failure_score": 0.5083385677637936,
  "galaxy_name": "MESSIER 066",
  "partial_branch_score": 0.48777534309170323,
  "ra_deg": 170.07541047034866,
  "reason_codes": [
    "BENCHMARK_GUARDRAIL_OK",
    "LONG_BASELINE_SUPPORT",
    "REBRIGHTENING_OR_RETURN"
  ],
  "systematic_risk": 0.13197721037616406,
  "unresolved_variability_score": 0.5020614724664263
}
