{
  "branch_class": "INTERMEDIATE_BRANCH_LIKE",
  "branch_confidence": "MEDIUM",
  "branch_rank": 309,
  "branch_rank_score": 0.5665811571715581,
  "cluster_id": "MESSIER_061_branch_0263",
  "dec_deg": 4.489491688085411,
  "dust_survivor_score": 0.07500000000000001,
  "export_failure_score": 0.6511461799851911,
  "galaxy_name": "MESSIER 061",
  "partial_branch_score": 0.8119199650839183,
  "ra_deg": 185.48499923824744,
  "reason_codes": [
    "BENCHMARK_GUARDRAIL_OK",
    "FORCED_COHERENCE_STRONG",
    "LONG_BASELINE_SUPPORT",
    "PARTIAL_SUPPRESSION_PATTERN"
  ],
  "systematic_risk": 0.14599311989372676,
  "unresolved_variability_score": 0.2715416583403119
}
