{
  "branch_class": "INTERMEDIATE_BRANCH_LIKE",
  "branch_confidence": "LOW",
  "branch_rank": 266,
  "branch_rank_score": 0.5859695717580842,
  "cluster_id": "MESSIER_066_branch_0013",
  "dec_deg": 12.978903465470376,
  "dust_survivor_score": 0.48500000000000004,
  "export_failure_score": 0.5727297337493752,
  "galaxy_name": "MESSIER 066",
  "partial_branch_score": 0.5620016254593224,
  "ra_deg": 170.07113964730758,
  "reason_codes": [
    "BENCHMARK_GUARDRAIL_OK",
    "LONG_BASELINE_SUPPORT",
    "MULTI_PAIR_LOCALIZATION",
    "PARTIAL_SUPPRESSION_PATTERN"
  ],
  "systematic_risk": 0.11164913405954296,
  "unresolved_variability_score": 0.36352393777093217
}
