{
  "branch_class": "DUST_SURVIVOR_LIKE",
  "branch_confidence": "LOW",
  "branch_rank": 805,
  "branch_rank_score": 0.24365033517668858,
  "cluster_id": "MESSIER_066_branch_0243",
  "dec_deg": 12.996499604622398,
  "dust_survivor_score": 0.505,
  "export_failure_score": 0.48403630597154024,
  "galaxy_name": "MESSIER 066",
  "partial_branch_score": 0.33987891011082144,
  "ra_deg": 170.05896792488397,
  "reason_codes": [
    "BENCHMARK_GUARDRAIL_OK",
    "LONG_BASELINE_SUPPORT",
    "PERSISTENT_FADE_SUPPORT"
  ],
  "systematic_risk": 0.15079942738333543,
  "unresolved_variability_score": 0.4652730970207528
}
