pair_id,galaxy_name,galaxy_rank,obsid_1,obsid_2,obs_id_1,obs_id_2,obs_collection_1,obs_collection_2,filter_1,filter_2,instrument_1,instrument_2,baseline_days,compatibility,compatibility_score,pair_score,public_both,pixel_priority
MESSIER 083::hst_9299_08_acs_wfc_f475w-pol0v_j8e808::hst_17747_25_acs_wfc_f475w_jfgf25,MESSIER 083,25,26325802,378125577,hst_9299_08_acs_wfc_f475w-pol0v_j8e808,hst_17747_25_acs_wfc_f475w_jfgf25,HST,HST,F475W,F475W,ACS/WFC,ACS/WFC,8564.847515770001,exact,1.0,1.4000000000000001,True,2.2966385169535934
MESSIER 083::hst_9774_0h_acs_wfc_f814w_j8ph0h::hst_17747_26_acs_wfc_f814w_jfgf26,MESSIER 083,25,26349913,378063553,hst_9774_0h_acs_wfc_f814w_j8ph0h,hst_17747_26_acs_wfc_f814w_jfgf26,HST,HST,F814W,F814W,ACS/WFC,ACS/WFC,7850.81778171,exact,1.0,1.4000000000000001,True,2.29474851061545
NGC 1309::hst_10497_03_acs_wfc_f555w_j9cb03::hst_17907_03_acs_wfc_f555w_jfjg03,NGC 1309,89,26428572,355634786,hst_10497_03_acs_wfc_f555w_j9cb03,hst_17907_03_acs_wfc_f555w_jfjg03,HST,HST,F555W,F555W,ACS/WFC,ACS/WFC,7370.95530645,exact,1.0,1.4000000000000001,True,2.2933791346790815
NGC 1309::hst_10497_03_acs_wfc_f555w_j9cb03::hst_17907_04_acs_wfc_f555w_jfjg04,NGC 1309,89,26428572,355633917,hst_10497_03_acs_wfc_f555w_j9cb03,hst_17907_04_acs_wfc_f555w_jfjg04,HST,HST,F555W,F555W,ACS/WFC,ACS/WFC,7369.189056449999,exact,1.0,1.4000000000000001,True,2.2933739314154757
NGC 1097::hst_9788_03_acs_wfc_f814w_j8mx03::hst_15654_58_acs_wfc_f814w_jdxr58,NGC 1097,3,26352154,26493087,hst_9788_03_acs_wfc_f814w_j8mx03,hst_15654_58_acs_wfc_f814w_jdxr58,HST,HST,F814W,F814W,ACS/WFC,ACS/WFC,5914.974981600004,exact,1.0,1.4000000000000001,True,2.2886013164358165
