{
  "branch_class": "VARIABLE_OR_UNRESOLVED",
  "branch_confidence": "MEDIUM",
  "branch_rank": 889,
  "branch_rank_score": 0.14355183515652453,
  "cluster_id": "MESSIER_061_branch_0222",
  "dec_deg": 4.463702889457796,
  "dust_survivor_score": 0.24500000000000002,
  "export_failure_score": 0.3318823468043503,
  "galaxy_name": "MESSIER 061",
  "partial_branch_score": 0.20528858433041458,
  "ra_deg": 185.4746270642049,
  "reason_codes": [
    "BENCHMARK_GUARDRAIL_OK",
    "LONG_BASELINE_SUPPORT",
    "REBRIGHTENING_OR_RETURN"
  ],
  "systematic_risk": 0.15695777318767418,
  "unresolved_variability_score": 0.7828333333333334
}
