{
  "branch_class": "VARIABLE_OR_UNRESOLVED",
  "branch_confidence": "MEDIUM",
  "branch_rank": 864,
  "branch_rank_score": 0.18519305924238444,
  "cluster_id": "MESSIER_061_branch_0363",
  "dec_deg": 4.470384508477343,
  "dust_survivor_score": 0.22000000000000003,
  "export_failure_score": 0.3399791443063556,
  "galaxy_name": "MESSIER 061",
  "partial_branch_score": 0.24897793977603686,
  "ra_deg": 185.47376884448755,
  "reason_codes": [
    "BENCHMARK_GUARDRAIL_OK",
    "LONG_BASELINE_SUPPORT",
    "REBRIGHTENING_OR_RETURN"
  ],
  "systematic_risk": 0.20910995452613773,
  "unresolved_variability_score": 0.7110000000000001
}
