{
  "branch_class": "VARIABLE_OR_UNRESOLVED",
  "branch_confidence": "HIGH",
  "branch_rank": 813,
  "branch_rank_score": 0.3061729156976557,
  "cluster_id": "MESSIER_061_branch_0133",
  "dec_deg": 4.466288888149494,
  "dust_survivor_score": 0.16000000000000003,
  "export_failure_score": 0.3726580938202481,
  "galaxy_name": "MESSIER 061",
  "partial_branch_score": 0.31003395786629023,
  "ra_deg": 185.47219274731148,
  "reason_codes": [
    "BENCHMARK_GUARDRAIL_OK",
    "LONG_BASELINE_SUPPORT",
    "REBRIGHTENING_OR_RETURN"
  ],
  "systematic_risk": 0.24639236178359553,
  "unresolved_variability_score": 0.6956837108292738
}
