{
  "branch_class": "STRONG_EXPORT_FAILURE_LIKE",
  "branch_confidence": "LOW",
  "branch_rank": 454,
  "branch_rank_score": 0.4332131394137934,
  "cluster_id": "MESSIER_066_branch_0164",
  "dec_deg": 12.983658020397,
  "dust_survivor_score": 0.14,
  "export_failure_score": 0.5793364406581365,
  "galaxy_name": "MESSIER 066",
  "partial_branch_score": 0.5076638181194146,
  "ra_deg": 170.07799147876574,
  "reason_codes": [
    "BENCHMARK_GUARDRAIL_OK",
    "LONG_BASELINE_SUPPORT"
  ],
  "systematic_risk": 0.14116038390152105,
  "unresolved_variability_score": 0.3851254053492331
}
