{
  "branch_class": "VARIABLE_OR_UNRESOLVED",
  "branch_confidence": "LOW",
  "branch_rank": 477,
  "branch_rank_score": 0.5004886587270057,
  "cluster_id": "MESSIER_061_branch_0385",
  "dec_deg": 4.482879327332221,
  "dust_survivor_score": 0.16,
  "export_failure_score": 0.47531949472349366,
  "galaxy_name": "MESSIER 061",
  "partial_branch_score": 0.4925498289545951,
  "ra_deg": 185.48128932188538,
  "reason_codes": [
    "BENCHMARK_GUARDRAIL_OK",
    "COVERAGE_LIMITED",
    "LONG_BASELINE_SUPPORT"
  ],
  "systematic_risk": 0.16154616351243006,
  "unresolved_variability_score": 0.5006966714259653
}
