{
  "branch_class": "VARIABLE_OR_UNRESOLVED",
  "branch_confidence": "MEDIUM",
  "branch_rank": 833,
  "branch_rank_score": 0.2220746154658794,
  "cluster_id": "MESSIER_061_branch_0213",
  "dec_deg": 4.468851656692526,
  "dust_survivor_score": 0.11200000000000002,
  "export_failure_score": 0.3905569123895228,
  "galaxy_name": "MESSIER 061",
  "partial_branch_score": 0.31537100040394433,
  "ra_deg": 185.47261493677044,
  "reason_codes": [
    "BENCHMARK_GUARDRAIL_OK",
    "LONG_BASELINE_SUPPORT",
    "REBRIGHTENING_OR_RETURN"
  ],
  "systematic_risk": 0.2583361549937913,
  "unresolved_variability_score": 0.6241036710381549
}
