{
  "branch_class": "DUST_SURVIVOR_LIKE",
  "branch_confidence": "MEDIUM",
  "branch_rank": 710,
  "branch_rank_score": 0.28936229466309227,
  "cluster_id": "MESSIER_066_branch_0189",
  "dec_deg": 12.98668833425456,
  "dust_survivor_score": 0.6900000000000001,
  "export_failure_score": 0.5389254680020166,
  "galaxy_name": "MESSIER 066",
  "partial_branch_score": 0.5466217647626533,
  "ra_deg": 170.04843919409998,
  "reason_codes": [
    "BENCHMARK_GUARDRAIL_OK",
    "DUST_COMPETITOR_PRESENT",
    "LONG_BASELINE_SUPPORT",
    "PERSISTENT_FADE_SUPPORT"
  ],
  "systematic_risk": 0.1465627354939766,
  "unresolved_variability_score": 0.3486089281468131
}
