{
  "branch_class": "VARIABLE_OR_UNRESOLVED",
  "branch_confidence": "HIGH",
  "branch_rank": 696,
  "branch_rank_score": 0.3926928855275186,
  "cluster_id": "MESSIER_066_branch_0124",
  "dec_deg": 12.98902059934375,
  "dust_survivor_score": 0.17,
  "export_failure_score": 0.4118860160418426,
  "galaxy_name": "MESSIER 066",
  "partial_branch_score": 0.3510191280462553,
  "ra_deg": 170.05737242328445,
  "reason_codes": [
    "BENCHMARK_GUARDRAIL_OK",
    "LONG_BASELINE_SUPPORT",
    "REBRIGHTENING_OR_RETURN"
  ],
  "systematic_risk": 0.13719864251912664,
  "unresolved_variability_score": 0.7493240255905563
}
