{
  "branch_class": "VARIABLE_OR_UNRESOLVED",
  "branch_confidence": "HIGH",
  "branch_rank": 654,
  "branch_rank_score": 0.4107237892711444,
  "cluster_id": "MESSIER_061_branch_0099",
  "dec_deg": 4.479972013619077,
  "dust_survivor_score": 0.16000000000000003,
  "export_failure_score": 0.44637105085972273,
  "galaxy_name": "MESSIER 061",
  "partial_branch_score": 0.34042773395756837,
  "ra_deg": 185.47985408647241,
  "reason_codes": [
    "BENCHMARK_GUARDRAIL_OK",
    "LONG_BASELINE_SUPPORT",
    "MULTI_PAIR_LOCALIZATION",
    "REBRIGHTENING_OR_RETURN"
  ],
  "systematic_risk": 0.15892305487549294,
  "unresolved_variability_score": 0.6641246149359499
}
