{
  "branch_class": "VARIABLE_OR_UNRESOLVED",
  "branch_confidence": "MEDIUM",
  "branch_rank": 869,
  "branch_rank_score": 0.22120977630067662,
  "cluster_id": "MESSIER_061_branch_0227",
  "dec_deg": 4.463524767295144,
  "dust_survivor_score": 0.27,
  "export_failure_score": 0.350956453180686,
  "galaxy_name": "MESSIER 061",
  "partial_branch_score": 0.24309983702588261,
  "ra_deg": 185.47171775649292,
  "reason_codes": [
    "BENCHMARK_GUARDRAIL_OK",
    "LONG_BASELINE_SUPPORT",
    "REBRIGHTENING_OR_RETURN"
  ],
  "systematic_risk": 0.12897595822205832,
  "unresolved_variability_score": 0.7649764021976716
}
