{
  "branch_class": "VARIABLE_OR_UNRESOLVED",
  "branch_confidence": "LOW",
  "branch_rank": 532,
  "branch_rank_score": 0.4682529285869002,
  "cluster_id": "MESSIER_066_branch_0019",
  "dec_deg": 12.984781292033105,
  "dust_survivor_score": 0.1,
  "export_failure_score": 0.5334544283725772,
  "galaxy_name": "MESSIER 066",
  "partial_branch_score": 0.3029255483193871,
  "ra_deg": 170.06273112119146,
  "reason_codes": [
    "BENCHMARK_GUARDRAIL_OK",
    "LONG_BASELINE_SUPPORT",
    "REBRIGHTENING_OR_RETURN"
  ],
  "systematic_risk": 0.10944684655213847,
  "unresolved_variability_score": 0.5799176053174246
}
