{
  "branch_class": "VARIABLE_OR_UNRESOLVED",
  "branch_confidence": "HIGH",
  "branch_rank": 751,
  "branch_rank_score": 0.3607030114723939,
  "cluster_id": "MESSIER_066_branch_0157",
  "dec_deg": 12.988883617608774,
  "dust_survivor_score": 0.17,
  "export_failure_score": 0.42366479912606514,
  "galaxy_name": "MESSIER 066",
  "partial_branch_score": 0.2619444095364939,
  "ra_deg": 170.06096598679855,
  "reason_codes": [
    "BENCHMARK_GUARDRAIL_OK",
    "LONG_BASELINE_SUPPORT",
    "REBRIGHTENING_OR_RETURN"
  ],
  "systematic_risk": 0.14275487672303075,
  "unresolved_variability_score": 0.7231545400140214
}
