{
  "branch_class": "VARIABLE_OR_UNRESOLVED",
  "branch_confidence": "HIGH",
  "branch_rank": 472,
  "branch_rank_score": 0.5012362703723264,
  "cluster_id": "MESSIER_066_branch_0048",
  "dec_deg": 13.00220864129185,
  "dust_survivor_score": 0.16000000000000003,
  "export_failure_score": 0.48639690836151894,
  "galaxy_name": "MESSIER 066",
  "partial_branch_score": 0.4250403842999865,
  "ra_deg": 170.06642515896468,
  "reason_codes": [
    "BENCHMARK_GUARDRAIL_OK",
    "LONG_BASELINE_SUPPORT",
    "REBRIGHTENING_OR_RETURN"
  ],
  "systematic_risk": 0.10158866332946216,
  "unresolved_variability_score": 0.7010821725019948
}
