{
  "branch_class": "STRONG_EXPORT_FAILURE_LIKE",
  "branch_confidence": "LOW",
  "branch_rank": 633,
  "branch_rank_score": 0.42218108521135417,
  "cluster_id": "MESSIER_061_branch_0080",
  "dec_deg": 4.467710170268427,
  "dust_survivor_score": 0.15000000000000002,
  "export_failure_score": 0.48743115586973207,
  "galaxy_name": "MESSIER 061",
  "partial_branch_score": 0.3704199768158733,
  "ra_deg": 185.47230039655273,
  "reason_codes": [
    "BENCHMARK_GUARDRAIL_OK",
    "LONG_BASELINE_SUPPORT",
    "MULTI_PAIR_LOCALIZATION",
    "REBRIGHTENING_OR_RETURN"
  ],
  "systematic_risk": 0.26299552709104335,
  "unresolved_variability_score": 0.4794787506467429
}
