{
  "branch_class": "INTERMEDIATE_BRANCH_LIKE",
  "branch_confidence": "LOW",
  "branch_rank": 473,
  "branch_rank_score": 0.5069308730188009,
  "cluster_id": "MESSIER_061_branch_0322",
  "dec_deg": 4.488898910014159,
  "dust_survivor_score": 0.14500000000000002,
  "export_failure_score": 0.4880155085602775,
  "galaxy_name": "MESSIER 061",
  "partial_branch_score": 0.535944462162832,
  "ra_deg": 185.4822929058499,
  "reason_codes": [
    "BENCHMARK_GUARDRAIL_OK",
    "FORCED_COHERENCE_STRONG",
    "LONG_BASELINE_SUPPORT"
  ],
  "systematic_risk": 0.15957116907432126,
  "unresolved_variability_score": 0.5121317770607221
}
