{
  "branch_class": "VARIABLE_OR_UNRESOLVED",
  "branch_confidence": "LOW",
  "branch_rank": 548,
  "branch_rank_score": 0.45797888521436975,
  "cluster_id": "MESSIER_061_branch_0116",
  "dec_deg": 4.473651343582698,
  "dust_survivor_score": 0.15000000000000002,
  "export_failure_score": 0.4827735943373117,
  "galaxy_name": "MESSIER 061",
  "partial_branch_score": 0.39375179205612476,
  "ra_deg": 185.47602223716535,
  "reason_codes": [
    "BENCHMARK_GUARDRAIL_OK",
    "LONG_BASELINE_SUPPORT",
    "MIR_FADE_SUPPORT",
    "MULTI_PAIR_LOCALIZATION",
    "REBRIGHTENING_OR_RETURN"
  ],
  "systematic_risk": 0.18240689136642857,
  "unresolved_variability_score": 0.5217488617504917
}
