{
  "branch_class": "VARIABLE_OR_UNRESOLVED",
  "branch_confidence": "MEDIUM",
  "branch_rank": 623,
  "branch_rank_score": 0.3300114804442646,
  "cluster_id": "MESSIER_066_branch_0173",
  "dec_deg": 12.994620560622934,
  "dust_survivor_score": 0.1,
  "export_failure_score": 0.4782113518105706,
  "galaxy_name": "MESSIER 066",
  "partial_branch_score": 0.29468524249935496,
  "ra_deg": 170.06577291735618,
  "reason_codes": [
    "BENCHMARK_GUARDRAIL_OK",
    "LONG_BASELINE_SUPPORT",
    "REBRIGHTENING_OR_RETURN"
  ],
  "systematic_risk": 0.14205602927303237,
  "unresolved_variability_score": 0.5881579111374567
}
