{
  "branch_class": "VARIABLE_OR_UNRESOLVED",
  "branch_confidence": "HIGH",
  "branch_rank": 504,
  "branch_rank_score": 0.4834461815224342,
  "cluster_id": "MESSIER_066_branch_0053",
  "dec_deg": 12.981513426777376,
  "dust_survivor_score": 0.18000000000000002,
  "export_failure_score": 0.4913918941151844,
  "galaxy_name": "MESSIER 066",
  "partial_branch_score": 0.3785285938070778,
  "ra_deg": 170.06603854743398,
  "reason_codes": [
    "BENCHMARK_GUARDRAIL_OK",
    "LONG_BASELINE_SUPPORT",
    "REBRIGHTENING_OR_RETURN"
  ],
  "systematic_risk": 0.08936273657980176,
  "unresolved_variability_score": 0.6860640176647553
}
