{
  "branch_class": "VARIABLE_OR_UNRESOLVED",
  "branch_confidence": "LOW",
  "branch_rank": 698,
  "branch_rank_score": 0.2971271000822079,
  "cluster_id": "MESSIER_066_branch_0255",
  "dec_deg": 12.99979803239609,
  "dust_survivor_score": 0.505,
  "export_failure_score": 0.49752507278003455,
  "galaxy_name": "MESSIER 066",
  "partial_branch_score": 0.4931085694028987,
  "ra_deg": 170.0698417992217,
  "reason_codes": [
    "BENCHMARK_GUARDRAIL_OK",
    "LONG_BASELINE_SUPPORT"
  ],
  "systematic_risk": 0.13251965608186503,
  "unresolved_variability_score": 0.4653767710620089
}
