{
  "branch_class": "VARIABLE_OR_UNRESOLVED",
  "branch_confidence": "MEDIUM",
  "branch_rank": 540,
  "branch_rank_score": 0.4628303020015891,
  "cluster_id": "MESSIER_066_branch_0225",
  "dec_deg": 12.987983728653077,
  "dust_survivor_score": 0.13999999999999999,
  "export_failure_score": 0.4816991522860317,
  "galaxy_name": "MESSIER 066",
  "partial_branch_score": 0.43246224305874165,
  "ra_deg": 170.06086497159927,
  "reason_codes": [
    "BENCHMARK_GUARDRAIL_OK",
    "LONG_BASELINE_SUPPORT",
    "REBRIGHTENING_OR_RETURN"
  ],
  "systematic_risk": 0.13548449105988145,
  "unresolved_variability_score": 0.6301367064917736
}
