{
  "branch_class": "STRONG_EXPORT_FAILURE_LIKE",
  "branch_confidence": "LOW",
  "branch_rank": 515,
  "branch_rank_score": 0.47504668529134286,
  "cluster_id": "MESSIER_061_branch_0326",
  "dec_deg": 4.479929033980994,
  "dust_survivor_score": 0.135,
  "export_failure_score": 0.5040148432994151,
  "galaxy_name": "MESSIER 061",
  "partial_branch_score": 0.4094035950898021,
  "ra_deg": 185.47688321045254,
  "reason_codes": [
    "BENCHMARK_GUARDRAIL_OK",
    "LONG_BASELINE_SUPPORT",
    "MIR_FADE_SUPPORT"
  ],
  "systematic_risk": 0.2133214840110022,
  "unresolved_variability_score": 0.4313739565549851
}
