{
  "branch_class": "VARIABLE_OR_UNRESOLVED",
  "branch_confidence": "LOW",
  "branch_rank": 199,
  "branch_rank_score": 0.6022045963814383,
  "cluster_id": "MESSIER_061_branch_0156",
  "dec_deg": 4.4761826058886545,
  "dust_survivor_score": 0.16333333333333333,
  "export_failure_score": 0.5259547736752909,
  "galaxy_name": "MESSIER 061",
  "partial_branch_score": 0.5058432342403548,
  "ra_deg": 185.47850729236833,
  "reason_codes": [
    "BENCHMARK_GUARDRAIL_OK",
    "LONG_BASELINE_SUPPORT",
    "MULTI_PAIR_LOCALIZATION",
    "REBRIGHTENING_OR_RETURN"
  ],
  "systematic_risk": 0.14116076459235027,
  "unresolved_variability_score": 0.4933809549542036
}
