{
  "branch_class": "VARIABLE_OR_UNRESOLVED",
  "branch_confidence": "HIGH",
  "branch_rank": 549,
  "branch_rank_score": 0.4575049688039018,
  "cluster_id": "MESSIER_066_branch_0054",
  "dec_deg": 12.982092888395155,
  "dust_survivor_score": 0.17,
  "export_failure_score": 0.4617879367548059,
  "galaxy_name": "MESSIER 066",
  "partial_branch_score": 0.37887915975525094,
  "ra_deg": 170.06269254710685,
  "reason_codes": [
    "BENCHMARK_GUARDRAIL_OK",
    "LONG_BASELINE_SUPPORT",
    "REBRIGHTENING_OR_RETURN"
  ],
  "systematic_risk": 0.10334626965441136,
  "unresolved_variability_score": 0.7212197897952642
}
