{
  "branch_class": "VARIABLE_OR_UNRESOLVED",
  "branch_confidence": "MEDIUM",
  "branch_rank": 427,
  "branch_rank_score": 0.45652904829594354,
  "cluster_id": "MESSIER_066_branch_0232",
  "dec_deg": 12.99039769704531,
  "dust_survivor_score": 0.1,
  "export_failure_score": 0.6035850205988359,
  "galaxy_name": "MESSIER 066",
  "partial_branch_score": 0.3876594468967314,
  "ra_deg": 170.06004908514777,
  "reason_codes": [
    "BENCHMARK_GUARDRAIL_OK",
    "LONG_BASELINE_SUPPORT",
    "REBRIGHTENING_OR_RETURN"
  ],
  "systematic_risk": 0.13914889255411073,
  "unresolved_variability_score": 0.4675464904030068
}
