{
  "branch_class": "STRONG_EXPORT_FAILURE_LIKE",
  "branch_confidence": "LOW",
  "branch_rank": 689,
  "branch_rank_score": 0.39559123902885135,
  "cluster_id": "MESSIER_066_branch_0083",
  "dec_deg": 12.994259909052943,
  "dust_survivor_score": 0.505,
  "export_failure_score": 0.525293994529404,
  "galaxy_name": "MESSIER 066",
  "partial_branch_score": 0.3495026808843633,
  "ra_deg": 170.05814422164318,
  "reason_codes": [
    "BENCHMARK_GUARDRAIL_OK",
    "LONG_BASELINE_SUPPORT",
    "PERSISTENT_FADE_SUPPORT"
  ],
  "systematic_risk": 0.11881171223729703,
  "unresolved_variability_score": 0.4556493262472109
}
