{
  "branch_class": "VARIABLE_OR_UNRESOLVED",
  "branch_confidence": "HIGH",
  "branch_rank": 772,
  "branch_rank_score": 0.3487630658134703,
  "cluster_id": "MESSIER_061_branch_0028",
  "dec_deg": 4.465167989019257,
  "dust_survivor_score": 0.16000000000000003,
  "export_failure_score": 0.44650062390000894,
  "galaxy_name": "MESSIER 061",
  "partial_branch_score": 0.26616405199013776,
  "ra_deg": 185.47123456846202,
  "reason_codes": [
    "BENCHMARK_GUARDRAIL_OK",
    "LONG_BASELINE_SUPPORT",
    "MULTI_PAIR_LOCALIZATION",
    "REBRIGHTENING_OR_RETURN"
  ],
  "systematic_risk": 0.23937492432490365,
  "unresolved_variability_score": 0.6326564589633181
}
