{
  "branch_class": "VARIABLE_OR_UNRESOLVED",
  "branch_confidence": "HIGH",
  "branch_rank": 825,
  "branch_rank_score": 0.2837189249219701,
  "cluster_id": "MESSIER_066_branch_0097",
  "dec_deg": 12.985595425330507,
  "dust_survivor_score": 0.27,
  "export_failure_score": 0.3695430828124185,
  "galaxy_name": "MESSIER 066",
  "partial_branch_score": 0.34802203750778765,
  "ra_deg": 170.05506217242703,
  "reason_codes": [
    "BENCHMARK_GUARDRAIL_OK",
    "LONG_BASELINE_SUPPORT",
    "REBRIGHTENING_OR_RETURN"
  ],
  "systematic_risk": 0.1390024277996743,
  "unresolved_variability_score": 0.7523211161290241
}
