{
  "branch_class": "STRONG_EXPORT_FAILURE_LIKE",
  "branch_confidence": "LOW",
  "branch_rank": 585,
  "branch_rank_score": 0.44184212268233725,
  "cluster_id": "NGC_4388_branch_0007",
  "dec_deg": 12.66133260528644,
  "dust_survivor_score": 0.09,
  "export_failure_score": 0.47240289360552906,
  "galaxy_name": "NGC 4388",
  "partial_branch_score": 0.4703152861601991,
  "ra_deg": 186.44432582915658,
  "reason_codes": [
    "BENCHMARK_GUARDRAIL_OK",
    "LONG_BASELINE_SUPPORT",
    "MIR_FADE_SUPPORT",
    "REGISTRATION_WEAK"
  ],
  "systematic_risk": 0.34412154396667255,
  "unresolved_variability_score": 0.37110605821200593
}
