{
  "branch_class": "VARIABLE_OR_UNRESOLVED",
  "branch_confidence": "HIGH",
  "branch_rank": 831,
  "branch_rank_score": 0.28691371363903223,
  "cluster_id": "MESSIER_061_branch_0256",
  "dec_deg": 4.463685658503687,
  "dust_survivor_score": 0.17600000000000002,
  "export_failure_score": 0.345894961657803,
  "galaxy_name": "MESSIER 061",
  "partial_branch_score": 0.2981780998267442,
  "ra_deg": 185.47045217676168,
  "reason_codes": [
    "BENCHMARK_GUARDRAIL_OK",
    "LONG_BASELINE_SUPPORT",
    "REBRIGHTENING_OR_RETURN"
  ],
  "systematic_risk": 0.21311403477094973,
  "unresolved_variability_score": 0.7642965716153551
}
