{
  "branch_class": "INTERMEDIATE_BRANCH_LIKE",
  "branch_confidence": "LOW",
  "branch_rank": 503,
  "branch_rank_score": 0.4842540044506317,
  "cluster_id": "MESSIER_061_branch_0315",
  "dec_deg": 4.459198254650099,
  "dust_survivor_score": 0.21000000000000002,
  "export_failure_score": 0.47543593298185594,
  "galaxy_name": "MESSIER 061",
  "partial_branch_score": 0.5115768381083587,
  "ra_deg": 185.46875522050104,
  "reason_codes": [
    "BENCHMARK_GUARDRAIL_OK",
    "COVERAGE_LIMITED",
    "LONG_BASELINE_SUPPORT"
  ],
  "systematic_risk": 0.19095769670314167,
  "unresolved_variability_score": 0.48550943766538757
}
