{
  "branch_class": "VARIABLE_OR_UNRESOLVED",
  "branch_confidence": "HIGH",
  "branch_rank": 573,
  "branch_rank_score": 0.4464729075496818,
  "cluster_id": "MESSIER_066_branch_0047",
  "dec_deg": 12.98478379665287,
  "dust_survivor_score": 0.16000000000000003,
  "export_failure_score": 0.44544374698957184,
  "galaxy_name": "MESSIER 066",
  "partial_branch_score": 0.3902812418860907,
  "ra_deg": 170.04916720964158,
  "reason_codes": [
    "BENCHMARK_GUARDRAIL_OK",
    "LONG_BASELINE_SUPPORT",
    "REBRIGHTENING_OR_RETURN"
  ],
  "systematic_risk": 0.1191735807592972,
  "unresolved_variability_score": 0.7355971108295941
}
