{
  "branch_class": "INTERMEDIATE_BRANCH_LIKE",
  "branch_confidence": "LOW",
  "branch_rank": 357,
  "branch_rank_score": 0.6095269461384507,
  "cluster_id": "MESSIER_066_branch_0164",
  "dec_deg": 12.983658020397,
  "dust_survivor_score": 0.14,
  "export_failure_score": 0.5840867167728739,
  "galaxy_name": "MESSIER 066",
  "partial_branch_score": 0.5100389561767834,
  "ra_deg": 170.07799147876574,
  "reason_codes": [
    "BENCHMARK_GUARDRAIL_OK",
    "LONG_BASELINE_SUPPORT"
  ],
  "systematic_risk": 0.13937903035849453,
  "unresolved_variability_score": 0.38275026729186445
}
