{
  "branch_class": "STRONG_EXPORT_FAILURE_LIKE",
  "branch_confidence": "LOW",
  "branch_rank": 724,
  "branch_rank_score": 0.378272827210927,
  "cluster_id": "MESSIER_066_branch_0261",
  "dec_deg": 13.001007426599797,
  "dust_survivor_score": 0.505,
  "export_failure_score": 0.5073428268697852,
  "galaxy_name": "MESSIER 066",
  "partial_branch_score": 0.35109921515161363,
  "ra_deg": 170.06759837267714,
  "reason_codes": [
    "BENCHMARK_GUARDRAIL_OK",
    "LONG_BASELINE_SUPPORT",
    "PERSISTENT_FADE_SUPPORT"
  ],
  "systematic_risk": 0.12864774019617903,
  "unresolved_variability_score": 0.4540527919799606
}
