{
  "branch_class": "VARIABLE_OR_UNRESOLVED",
  "branch_confidence": "LOW",
  "branch_rank": 244,
  "branch_rank_score": 0.589475455482662,
  "cluster_id": "MESSIER_061_branch_0142",
  "dec_deg": 4.475918330265765,
  "dust_survivor_score": 0.13166666666666668,
  "export_failure_score": 0.5069159838159335,
  "galaxy_name": "MESSIER 061",
  "partial_branch_score": 0.5128744543309627,
  "ra_deg": 185.47817491399815,
  "reason_codes": [
    "BENCHMARK_GUARDRAIL_OK",
    "LONG_BASELINE_SUPPORT",
    "MULTI_PAIR_LOCALIZATION"
  ],
  "systematic_risk": 0.16880508735861294,
  "unresolved_variability_score": 0.4312488700515884
}
