{
  "branch_class": "VARIABLE_OR_UNRESOLVED",
  "branch_confidence": "HIGH",
  "branch_rank": 547,
  "branch_rank_score": 0.45898765977530304,
  "cluster_id": "MESSIER_066_branch_0270",
  "dec_deg": 12.98367687457046,
  "dust_survivor_score": 0.16000000000000003,
  "export_failure_score": 0.46548194899514717,
  "galaxy_name": "MESSIER 066",
  "partial_branch_score": 0.3965453834137537,
  "ra_deg": 170.06417964233918,
  "reason_codes": [
    "BENCHMARK_GUARDRAIL_OK",
    "LONG_BASELINE_SUPPORT",
    "REBRIGHTENING_OR_RETURN"
  ],
  "systematic_risk": 0.13683472455420864,
  "unresolved_variability_score": 0.6432914321443758
}
