{
  "branch_class": "VARIABLE_OR_UNRESOLVED",
  "branch_confidence": "HIGH",
  "branch_rank": 568,
  "branch_rank_score": 0.44842450115862564,
  "cluster_id": "MESSIER_066_branch_0187",
  "dec_deg": 12.988525138003224,
  "dust_survivor_score": 0.13999999999999999,
  "export_failure_score": 0.4488171014045629,
  "galaxy_name": "MESSIER 066",
  "partial_branch_score": 0.3906603560082177,
  "ra_deg": 170.0659169799624,
  "reason_codes": [
    "BENCHMARK_GUARDRAIL_OK",
    "LONG_BASELINE_SUPPORT",
    "REBRIGHTENING_OR_RETURN"
  ],
  "systematic_risk": 0.1373049923492266,
  "unresolved_variability_score": 0.6719385935422975
}
