{
  "branch_class": "INTERMEDIATE_BRANCH_LIKE",
  "branch_confidence": "LOW",
  "branch_rank": 330,
  "branch_rank_score": 0.6389721667024016,
  "cluster_id": "MESSIER_066_branch_0072",
  "dec_deg": 12.997904528432551,
  "dust_survivor_score": 0.1,
  "export_failure_score": 0.5841024926558371,
  "galaxy_name": "MESSIER 066",
  "partial_branch_score": 0.5288170720393486,
  "ra_deg": 170.04791532481684,
  "reason_codes": [
    "BENCHMARK_GUARDRAIL_OK",
    "LONG_BASELINE_SUPPORT"
  ],
  "systematic_risk": 0.1122458877230462,
  "unresolved_variability_score": 0.3673054847626327
}
