{
  "branch_class": "VARIABLE_OR_UNRESOLVED",
  "branch_confidence": "HIGH",
  "branch_rank": 863,
  "branch_rank_score": 0.23322263591920714,
  "cluster_id": "MESSIER_061_branch_0171",
  "dec_deg": 4.477660626812422,
  "dust_survivor_score": 0.3350000000000001,
  "export_failure_score": 0.37687016724021943,
  "galaxy_name": "MESSIER 061",
  "partial_branch_score": 0.25878723370813506,
  "ra_deg": 185.47728527059823,
  "reason_codes": [
    "BENCHMARK_GUARDRAIL_OK",
    "LONG_BASELINE_SUPPORT",
    "REBRIGHTENING_OR_RETURN"
  ],
  "systematic_risk": 0.12452462889046345,
  "unresolved_variability_score": 0.7250362077420877
}
