{
  "branch_class": "VARIABLE_OR_UNRESOLVED",
  "branch_confidence": "LOW",
  "branch_rank": 397,
  "branch_rank_score": 0.49622738397769567,
  "cluster_id": "MESSIER_061_branch_0119",
  "dec_deg": 4.4629592763173855,
  "dust_survivor_score": 0.15000000000000002,
  "export_failure_score": 0.506261010844062,
  "galaxy_name": "MESSIER 061",
  "partial_branch_score": 0.3100237825420709,
  "ra_deg": 185.47076682438868,
  "reason_codes": [
    "BENCHMARK_GUARDRAIL_OK",
    "LONG_BASELINE_SUPPORT",
    "MULTI_PAIR_LOCALIZATION",
    "REBRIGHTENING_OR_RETURN"
  ],
  "systematic_risk": 0.17616102201237488,
  "unresolved_variability_score": 0.5169509139893126
}
