{
  "branch_class": "INTERMEDIATE_BRANCH_LIKE",
  "branch_confidence": "LOW",
  "branch_rank": 422,
  "branch_rank_score": 0.5389311724166536,
  "cluster_id": "MESSIER_061_branch_0114",
  "dec_deg": 4.4664025751428404,
  "dust_survivor_score": 0.21000000000000002,
  "export_failure_score": 0.5144215961173251,
  "galaxy_name": "MESSIER 061",
  "partial_branch_score": 0.5151189294274893,
  "ra_deg": 185.47279614004387,
  "reason_codes": [
    "BENCHMARK_GUARDRAIL_OK",
    "LONG_BASELINE_SUPPORT",
    "MULTI_PAIR_LOCALIZATION"
  ],
  "systematic_risk": 0.1310841726097819,
  "unresolved_variability_score": 0.46880458975473477
}
