{
  "branch_class": "STRONG_EXPORT_FAILURE_LIKE",
  "branch_confidence": "MEDIUM",
  "branch_rank": 398,
  "branch_rank_score": 0.5596907381321375,
  "cluster_id": "MESSIER_066_branch_0133",
  "dec_deg": 12.998097087739144,
  "dust_survivor_score": 0.04,
  "export_failure_score": 0.5708384910473981,
  "galaxy_name": "MESSIER 066",
  "partial_branch_score": 0.362102496080613,
  "ra_deg": 170.0706308988951,
  "reason_codes": [
    "BENCHMARK_GUARDRAIL_OK",
    "LONG_BASELINE_SUPPORT"
  ],
  "systematic_risk": 0.14438790600353696,
  "unresolved_variability_score": 0.43068672738803493
}
