{
  "branch_class": "VARIABLE_OR_UNRESOLVED",
  "branch_confidence": "LOW",
  "branch_rank": 463,
  "branch_rank_score": 0.5060793652531743,
  "cluster_id": "MESSIER_066_branch_0019",
  "dec_deg": 12.984781292033105,
  "dust_survivor_score": 0.1,
  "export_failure_score": 0.5394486094495126,
  "galaxy_name": "MESSIER 066",
  "partial_branch_score": 0.3059226388578548,
  "ra_deg": 170.06273112119146,
  "reason_codes": [
    "BENCHMARK_GUARDRAIL_OK",
    "LONG_BASELINE_SUPPORT",
    "REBRIGHTENING_OR_RETURN"
  ],
  "systematic_risk": 0.10719902864828773,
  "unresolved_variability_score": 0.5769205147789569
}
