{
  "branch_class": "VARIABLE_OR_UNRESOLVED",
  "branch_confidence": "LOW",
  "branch_rank": 773,
  "branch_rank_score": 0.34761887740228886,
  "cluster_id": "MESSIER_066_branch_0280",
  "dec_deg": 12.990428325790132,
  "dust_survivor_score": 0.525,
  "export_failure_score": 0.47137979476528885,
  "galaxy_name": "MESSIER 066",
  "partial_branch_score": 0.372321707069376,
  "ra_deg": 170.06938374805802,
  "reason_codes": [
    "BENCHMARK_GUARDRAIL_OK",
    "LONG_BASELINE_SUPPORT",
    "REBRIGHTENING_OR_RETURN"
  ],
  "systematic_risk": 0.1436777921566968,
  "unresolved_variability_score": 0.4928842302303621
}
