{
  "branch_class": "VARIABLE_OR_UNRESOLVED",
  "branch_confidence": "MEDIUM",
  "branch_rank": 80,
  "branch_rank_score": 0.6821373056653806,
  "cluster_id": "MESSIER_061_branch_0034",
  "dec_deg": 4.4748820946375085,
  "dust_survivor_score": 0.12333333333333332,
  "export_failure_score": 0.5747197960582099,
  "galaxy_name": "MESSIER 061",
  "partial_branch_score": 0.41262933943188973,
  "ra_deg": 185.47664586536035,
  "reason_codes": [
    "BENCHMARK_GUARDRAIL_OK",
    "LONG_BASELINE_SUPPORT",
    "MIR_FADE_SUPPORT",
    "MULTI_PAIR_LOCALIZATION",
    "REBRIGHTENING_OR_RETURN"
  ],
  "systematic_risk": 0.14398415987917057,
  "unresolved_variability_score": 0.4404711092666388
}
