{
  "branch_class": "INTERMEDIATE_BRANCH_LIKE",
  "branch_confidence": "LOW",
  "branch_rank": 271,
  "branch_rank_score": 0.7181217282565177,
  "cluster_id": "MESSIER_066_branch_0206",
  "dec_deg": 12.990783126537025,
  "dust_survivor_score": 0.04,
  "export_failure_score": 0.6179585633962967,
  "galaxy_name": "MESSIER 066",
  "partial_branch_score": 0.6358447668529216,
  "ra_deg": 170.07377407261203,
  "reason_codes": [
    "BENCHMARK_GUARDRAIL_OK",
    "LONG_BASELINE_SUPPORT",
    "PARTIAL_SUPPRESSION_PATTERN"
  ],
  "systematic_risk": 0.14661050458643216,
  "unresolved_variability_score": 0.39003358586276327
}
