{
  "branch_class": "VARIABLE_OR_UNRESOLVED",
  "branch_confidence": "HIGH",
  "branch_rank": 560,
  "branch_rank_score": 0.45164465862998154,
  "cluster_id": "MESSIER_066_branch_0091",
  "dec_deg": 13.002314134798477,
  "dust_survivor_score": 0.16000000000000003,
  "export_failure_score": 0.44662606442055164,
  "galaxy_name": "MESSIER 066",
  "partial_branch_score": 0.3976930287354802,
  "ra_deg": 170.05837500290588,
  "reason_codes": [
    "BENCHMARK_GUARDRAIL_OK",
    "LONG_BASELINE_SUPPORT",
    "REBRIGHTENING_OR_RETURN"
  ],
  "systematic_risk": 0.11659252677321562,
  "unresolved_variability_score": 0.7284295280665011
}
