{
  "branch_class": "VARIABLE_OR_UNRESOLVED",
  "branch_confidence": "HIGH",
  "branch_rank": 829,
  "branch_rank_score": 0.29083789490559836,
  "cluster_id": "MESSIER_061_branch_0350",
  "dec_deg": 4.481525708614339,
  "dust_survivor_score": 0.23000000000000004,
  "export_failure_score": 0.34631397576667056,
  "galaxy_name": "MESSIER 061",
  "partial_branch_score": 0.30418056300521723,
  "ra_deg": 185.47959980116497,
  "reason_codes": [
    "BENCHMARK_GUARDRAIL_OK",
    "LONG_BASELINE_SUPPORT",
    "REBRIGHTENING_OR_RETURN"
  ],
  "systematic_risk": 0.16855590734225473,
  "unresolved_variability_score": 0.7532374571608549
}
