{
  "branch_class": "STRONG_EXPORT_FAILURE_LIKE",
  "branch_confidence": "LOW",
  "branch_rank": 503,
  "branch_rank_score": 0.4867441179294429,
  "cluster_id": "MESSIER_061_branch_0390",
  "dec_deg": 4.478421978449236,
  "dust_survivor_score": 0.14500000000000002,
  "export_failure_score": 0.5086715943585688,
  "galaxy_name": "MESSIER 061",
  "partial_branch_score": 0.4387891296517983,
  "ra_deg": 185.48074234230455,
  "reason_codes": [
    "BENCHMARK_GUARDRAIL_OK",
    "FORCED_COHERENCE_STRONG",
    "LONG_BASELINE_SUPPORT"
  ],
  "systematic_risk": 0.13824220702940168,
  "unresolved_variability_score": 0.4795769920982461
}
