{
  "branch_class": "INTERMEDIATE_BRANCH_LIKE",
  "branch_confidence": "MEDIUM",
  "branch_rank": 289,
  "branch_rank_score": 0.6940477667350121,
  "cluster_id": "MESSIER_066_branch_0061",
  "dec_deg": 12.996222656044104,
  "dust_survivor_score": 0.04,
  "export_failure_score": 0.6259253393804525,
  "galaxy_name": "MESSIER 066",
  "partial_branch_score": 0.5243215083555496,
  "ra_deg": 170.06657702386153,
  "reason_codes": [
    "BENCHMARK_GUARDRAIL_OK",
    "FORCED_COHERENCE_STRONG",
    "LONG_BASELINE_SUPPORT"
  ],
  "systematic_risk": 0.09442093016212635,
  "unresolved_variability_score": 0.4218010484464316
}
