{
  "branch_class": "VARIABLE_OR_UNRESOLVED",
  "branch_confidence": "MEDIUM",
  "branch_rank": 699,
  "branch_rank_score": 0.2969938834181442,
  "cluster_id": "MESSIER_066_branch_0275",
  "dec_deg": 12.981991402112735,
  "dust_survivor_score": 0.43000000000000005,
  "export_failure_score": 0.44793731063690345,
  "galaxy_name": "MESSIER 066",
  "partial_branch_score": 0.423491266094022,
  "ra_deg": 170.06830273303535,
  "reason_codes": [
    "BENCHMARK_GUARDRAIL_OK",
    "LONG_BASELINE_SUPPORT",
    "REBRIGHTENING_OR_RETURN"
  ],
  "systematic_risk": 0.13803937767897168,
  "unresolved_variability_score": 0.555281458871587
}
