{
  "branch_class": "VARIABLE_OR_UNRESOLVED",
  "branch_confidence": "MEDIUM",
  "branch_rank": 451,
  "branch_rank_score": 0.43627833963922896,
  "cluster_id": "NGC_4388_branch_0002",
  "dec_deg": 12.660796431366514,
  "dust_survivor_score": 0.016666666666666653,
  "export_failure_score": 0.6321766915900212,
  "galaxy_name": "NGC 4388",
  "partial_branch_score": 0.4563349040116875,
  "ra_deg": 186.44407749845837,
  "reason_codes": [
    "BENCHMARK_GUARDRAIL_OK",
    "FORCED_COHERENCE_STRONG",
    "LONG_BASELINE_SUPPORT",
    "MIR_FADE_SUPPORT",
    "PERSISTENT_FADE_SUPPORT",
    "REGISTRATION_WEAK"
  ],
  "systematic_risk": 0.36135690796093045,
  "unresolved_variability_score": 0.1414765060781321
}
