{
  "branch_class": "VARIABLE_OR_UNRESOLVED",
  "branch_confidence": "MEDIUM",
  "branch_rank": 792,
  "branch_rank_score": 0.3130873203868552,
  "cluster_id": "MESSIER_061_branch_0293",
  "dec_deg": 4.460737945337828,
  "dust_survivor_score": 0.25,
  "export_failure_score": 0.39482037737664866,
  "galaxy_name": "MESSIER 061",
  "partial_branch_score": 0.3774523846453442,
  "ra_deg": 185.47314590412606,
  "reason_codes": [
    "BENCHMARK_GUARDRAIL_OK",
    "LONG_BASELINE_SUPPORT",
    "REBRIGHTENING_OR_RETURN"
  ],
  "systematic_risk": 0.17175576341773735,
  "unresolved_variability_score": 0.5957650346925895
}
