{
  "branch_class": "VARIABLE_OR_UNRESOLVED",
  "branch_confidence": "HIGH",
  "branch_rank": 880,
  "branch_rank_score": 0.19430280644072917,
  "cluster_id": "MESSIER_061_branch_0255",
  "dec_deg": 4.4771466891803655,
  "dust_survivor_score": 0.28500000000000003,
  "export_failure_score": 0.32237297323589603,
  "galaxy_name": "MESSIER 061",
  "partial_branch_score": 0.28598243974068,
  "ra_deg": 185.47682796452276,
  "reason_codes": [
    "BENCHMARK_GUARDRAIL_OK",
    "LONG_BASELINE_SUPPORT",
    "REBRIGHTENING_OR_RETURN"
  ],
  "systematic_risk": 0.17486568205373082,
  "unresolved_variability_score": 0.7553410017095427
}
