{
  "branch_class": "DUST_SURVIVOR_LIKE",
  "branch_confidence": "LOW",
  "branch_rank": 747,
  "branch_rank_score": 0.3448162524812279,
  "cluster_id": "MESSIER_066_branch_0252",
  "dec_deg": 12.978390590867347,
  "dust_survivor_score": 0.525,
  "export_failure_score": 0.5004839107394954,
  "galaxy_name": "MESSIER 066",
  "partial_branch_score": 0.3881711933650325,
  "ra_deg": 170.06011738892394,
  "reason_codes": [
    "BENCHMARK_GUARDRAIL_OK",
    "LONG_BASELINE_SUPPORT",
    "REBRIGHTENING_OR_RETURN"
  ],
  "systematic_risk": 0.12480729349801337,
  "unresolved_variability_score": 0.47711342971259774
}
