{
  "branch_class": "VARIABLE_OR_UNRESOLVED",
  "branch_confidence": "HIGH",
  "branch_rank": 589,
  "branch_rank_score": 0.42769683572556794,
  "cluster_id": "MESSIER_066_branch_0145",
  "dec_deg": 12.986809957233323,
  "dust_survivor_score": 0.17,
  "export_failure_score": 0.46029615242414756,
  "galaxy_name": "MESSIER 066",
  "partial_branch_score": 0.3958030836290044,
  "ra_deg": 170.059466644346,
  "reason_codes": [
    "BENCHMARK_GUARDRAIL_OK",
    "LONG_BASELINE_SUPPORT",
    "REBRIGHTENING_OR_RETURN"
  ],
  "systematic_risk": 0.10943943388468547,
  "unresolved_variability_score": 0.7045400700078073
}
