{
  "branch_class": "VARIABLE_OR_UNRESOLVED",
  "branch_confidence": "MEDIUM",
  "branch_rank": 717,
  "branch_rank_score": 0.3592393720873265,
  "cluster_id": "MESSIER_061_branch_0385",
  "dec_deg": 4.482879327332221,
  "dust_survivor_score": 0.17500000000000002,
  "export_failure_score": 0.42731073193837754,
  "galaxy_name": "MESSIER 061",
  "partial_branch_score": 0.3718216139009355,
  "ra_deg": 185.48128932188538,
  "reason_codes": [
    "BENCHMARK_GUARDRAIL_OK",
    "LONG_BASELINE_SUPPORT",
    "REBRIGHTENING_OR_RETURN"
  ],
  "systematic_risk": 0.17763366558762547,
  "unresolved_variability_score": 0.5802047324559227
}
