{
  "branch_class": "VARIABLE_OR_UNRESOLVED",
  "branch_confidence": "HIGH",
  "branch_rank": 550,
  "branch_rank_score": 0.4574593139985915,
  "cluster_id": "MESSIER_066_branch_0060",
  "dec_deg": 12.979896734292955,
  "dust_survivor_score": 0.16000000000000003,
  "export_failure_score": 0.4926002093620713,
  "galaxy_name": "MESSIER 066",
  "partial_branch_score": 0.38246080251324693,
  "ra_deg": 170.0734824128085,
  "reason_codes": [
    "BENCHMARK_GUARDRAIL_OK",
    "LONG_BASELINE_SUPPORT",
    "REBRIGHTENING_OR_RETURN"
  ],
  "systematic_risk": 0.09674671326430374,
  "unresolved_variability_score": 0.6573760130448826
}
