{
  "branch_class": "VARIABLE_OR_UNRESOLVED",
  "branch_confidence": "LOW",
  "branch_rank": 460,
  "branch_rank_score": 0.5146802038912307,
  "cluster_id": "MESSIER_061_branch_0071",
  "dec_deg": 4.4799532408596345,
  "dust_survivor_score": 0.13999999999999999,
  "export_failure_score": 0.5352650484170507,
  "galaxy_name": "MESSIER 061",
  "partial_branch_score": 0.44822445284893625,
  "ra_deg": 185.47963356361876,
  "reason_codes": [
    "BENCHMARK_GUARDRAIL_OK",
    "LONG_BASELINE_SUPPORT",
    "MULTI_PAIR_LOCALIZATION",
    "REBRIGHTENING_OR_RETURN"
  ],
  "systematic_risk": 0.1414703839422018,
  "unresolved_variability_score": 0.5380212296808954
}
