{
  "branch_class": "VARIABLE_OR_UNRESOLVED",
  "branch_confidence": "HIGH",
  "branch_rank": 746,
  "branch_rank_score": 0.345676852136245,
  "cluster_id": "MESSIER_066_branch_0124",
  "dec_deg": 12.98902059934375,
  "dust_survivor_score": 0.17,
  "export_failure_score": 0.4058918349649072,
  "galaxy_name": "MESSIER 066",
  "partial_branch_score": 0.34802203750778765,
  "ra_deg": 170.05737242328445,
  "reason_codes": [
    "BENCHMARK_GUARDRAIL_OK",
    "LONG_BASELINE_SUPPORT",
    "REBRIGHTENING_OR_RETURN"
  ],
  "systematic_risk": 0.13944646042297737,
  "unresolved_variability_score": 0.7523211161290241
}
