{
  "branch_class": "VARIABLE_OR_UNRESOLVED",
  "branch_confidence": "LOW",
  "branch_rank": 586,
  "branch_rank_score": 0.44163565746464656,
  "cluster_id": "MESSIER_066_branch_0012",
  "dec_deg": 12.978406485597063,
  "dust_survivor_score": 0.41000000000000003,
  "export_failure_score": 0.49667016269955133,
  "galaxy_name": "MESSIER 066",
  "partial_branch_score": 0.4507787595533507,
  "ra_deg": 170.06906237718732,
  "reason_codes": [
    "BENCHMARK_GUARDRAIL_OK",
    "LONG_BASELINE_SUPPORT",
    "MULTI_PAIR_LOCALIZATION",
    "REBRIGHTENING_OR_RETURN"
  ],
  "systematic_risk": 0.12585151704360809,
  "unresolved_variability_score": 0.523089781769059
}
