{
  "branch_class": "VARIABLE_OR_UNRESOLVED",
  "branch_confidence": "LOW",
  "branch_rank": 493,
  "branch_rank_score": 0.4936223597389292,
  "cluster_id": "MESSIER_066_branch_0184",
  "dec_deg": 12.988083874692228,
  "dust_survivor_score": 0.1,
  "export_failure_score": 0.503968549799044,
  "galaxy_name": "MESSIER 066",
  "partial_branch_score": 0.42621498573673267,
  "ra_deg": 170.05885534733127,
  "reason_codes": [
    "BENCHMARK_GUARDRAIL_OK",
    "LONG_BASELINE_SUPPORT",
    "REBRIGHTENING_OR_RETURN"
  ],
  "systematic_risk": 0.12987020051163184,
  "unresolved_variability_score": 0.571628167900079
}
