{
  "branch_class": "VARIABLE_OR_UNRESOLVED",
  "branch_confidence": "HIGH",
  "branch_rank": 761,
  "branch_rank_score": 0.33563028060949707,
  "cluster_id": "MESSIER_061_branch_0133",
  "dec_deg": 4.466288888149494,
  "dust_survivor_score": 0.13999999999999999,
  "export_failure_score": 0.43192555069643024,
  "galaxy_name": "MESSIER 061",
  "partial_branch_score": 0.34578534532957683,
  "ra_deg": 185.47219274731148,
  "reason_codes": [
    "BENCHMARK_GUARDRAIL_OK",
    "LONG_BASELINE_SUPPORT",
    "REBRIGHTENING_OR_RETURN"
  ],
  "systematic_risk": 0.2435363332290293,
  "unresolved_variability_score": 0.593624823029832
}
