{
  "branch_class": "VARIABLE_OR_UNRESOLVED",
  "branch_confidence": "LOW",
  "branch_rank": 403,
  "branch_rank_score": 0.5575582237592783,
  "cluster_id": "MESSIER_066_branch_0138",
  "dec_deg": 12.985060473229307,
  "dust_survivor_score": 0.1,
  "export_failure_score": 0.5322984380249749,
  "galaxy_name": "MESSIER 066",
  "partial_branch_score": 0.44731952394442276,
  "ra_deg": 170.0641015134094,
  "reason_codes": [
    "BENCHMARK_GUARDRAIL_OK",
    "LONG_BASELINE_SUPPORT",
    "REBRIGHTENING_OR_RETURN"
  ],
  "systematic_risk": 0.12211377600158069,
  "unresolved_variability_score": 0.550523629692389
}
