{
  "branch_class": "DUST_SURVIVOR_LIKE",
  "branch_confidence": "LOW",
  "branch_rank": 880,
  "branch_rank_score": 0.19179388029218955,
  "cluster_id": "MESSIER_066_branch_0223",
  "dec_deg": 12.990117441759256,
  "dust_survivor_score": 0.5850000000000001,
  "export_failure_score": 0.37431924082014434,
  "galaxy_name": "MESSIER 066",
  "partial_branch_score": 0.29725412658443506,
  "ra_deg": 170.07720328907286,
  "reason_codes": [
    "BENCHMARK_GUARDRAIL_OK",
    "DUST_COMPETITOR_PRESENT",
    "LONG_BASELINE_SUPPORT",
    "REBRIGHTENING_OR_RETURN"
  ],
  "systematic_risk": 0.2194451641062048,
  "unresolved_variability_score": 0.6579765663250314
}
