{
  "branch_class": "VARIABLE_OR_UNRESOLVED",
  "branch_confidence": "HIGH",
  "branch_rank": 596,
  "branch_rank_score": 0.4242199165032351,
  "cluster_id": "MESSIER_066_branch_0023",
  "dec_deg": 13.004153528320527,
  "dust_survivor_score": 0.16000000000000003,
  "export_failure_score": 0.4573549990779001,
  "galaxy_name": "MESSIER 066",
  "partial_branch_score": 0.3865293061778743,
  "ra_deg": 170.065111897692,
  "reason_codes": [
    "BENCHMARK_GUARDRAIL_OK",
    "LONG_BASELINE_SUPPORT",
    "REBRIGHTENING_OR_RETURN"
  ],
  "systematic_risk": 0.10821935408528527,
  "unresolved_variability_score": 0.739593250624107
}
