{
  "branch_class": "STRONG_EXPORT_FAILURE_LIKE",
  "branch_confidence": "MEDIUM",
  "branch_rank": 353,
  "branch_rank_score": 0.6128456019343331,
  "cluster_id": "MESSIER_066_branch_0211",
  "dec_deg": 12.982593003601542,
  "dust_survivor_score": 0.08000000000000002,
  "export_failure_score": 0.5779293179213346,
  "galaxy_name": "MESSIER 066",
  "partial_branch_score": 0.466459608780524,
  "ra_deg": 170.07029893907253,
  "reason_codes": [
    "BENCHMARK_GUARDRAIL_OK",
    "FORCED_COHERENCE_STRONG",
    "LONG_BASELINE_SUPPORT",
    "REBRIGHTENING_OR_RETURN"
  ],
  "systematic_risk": 0.10994378711648968,
  "unresolved_variability_score": 0.4583772067776055
}
