{
  "branch_class": "VARIABLE_OR_UNRESOLVED",
  "branch_confidence": "HIGH",
  "branch_rank": 578,
  "branch_rank_score": 0.4447113865036962,
  "cluster_id": "MESSIER_066_branch_0179",
  "dec_deg": 12.987885807267899,
  "dust_survivor_score": 0.17,
  "export_failure_score": 0.4477281426831682,
  "galaxy_name": "MESSIER 066",
  "partial_branch_score": 0.3821123240604307,
  "ra_deg": 170.06043688989482,
  "reason_codes": [
    "BENCHMARK_GUARDRAIL_OK",
    "LONG_BASELINE_SUPPORT",
    "REBRIGHTENING_OR_RETURN"
  ],
  "systematic_risk": 0.11134750180848754,
  "unresolved_variability_score": 0.718230829576381
}
