{
  "branch_class": "VARIABLE_OR_UNRESOLVED",
  "branch_confidence": "HIGH",
  "branch_rank": 815,
  "branch_rank_score": 0.3057034063063176,
  "cluster_id": "MESSIER_061_branch_0260",
  "dec_deg": 4.47288866816952,
  "dust_survivor_score": 0.21000000000000002,
  "export_failure_score": 0.3858174520232862,
  "galaxy_name": "MESSIER 061",
  "partial_branch_score": 0.2583568618930607,
  "ra_deg": 185.47623935888748,
  "reason_codes": [
    "BENCHMARK_GUARDRAIL_OK",
    "LONG_BASELINE_SUPPORT",
    "REBRIGHTENING_OR_RETURN"
  ],
  "systematic_risk": 0.17488082860218093,
  "unresolved_variability_score": 0.6952798758070207
}
