{
  "branch_class": "VARIABLE_OR_UNRESOLVED",
  "branch_confidence": "MEDIUM",
  "branch_rank": 802,
  "branch_rank_score": 0.24530457220935722,
  "cluster_id": "MESSIER_066_branch_0104",
  "dec_deg": 12.981667009952975,
  "dust_survivor_score": 0.28,
  "export_failure_score": 0.37421667182652457,
  "galaxy_name": "MESSIER 066",
  "partial_branch_score": 0.3318086827691696,
  "ra_deg": 170.06436927390035,
  "reason_codes": [
    "BENCHMARK_GUARDRAIL_OK",
    "LONG_BASELINE_SUPPORT",
    "REBRIGHTENING_OR_RETURN"
  ],
  "systematic_risk": 0.1391182587654327,
  "unresolved_variability_score": 0.7330281327889601
}
