{
  "branch_class": "VARIABLE_OR_UNRESOLVED",
  "branch_confidence": "MEDIUM",
  "branch_rank": 811,
  "branch_rank_score": 0.23777365909374207,
  "cluster_id": "MESSIER_061_branch_0191",
  "dec_deg": 4.481020273503485,
  "dust_survivor_score": 0.28500000000000003,
  "export_failure_score": 0.38008400464210773,
  "galaxy_name": "MESSIER 061",
  "partial_branch_score": 0.32157383725418165,
  "ra_deg": 185.47913284896057,
  "reason_codes": [
    "BENCHMARK_GUARDRAIL_OK",
    "LONG_BASELINE_SUPPORT",
    "REBRIGHTENING_OR_RETURN"
  ],
  "systematic_risk": 0.13951220810516068,
  "unresolved_variability_score": 0.7197496041960411
}
