{
  "branch_class": "VARIABLE_OR_UNRESOLVED",
  "branch_confidence": "MEDIUM",
  "branch_rank": 650,
  "branch_rank_score": 0.41116061485612426,
  "cluster_id": "MESSIER_066_branch_0044",
  "dec_deg": 12.984121419358166,
  "dust_survivor_score": 0.16624999999999998,
  "export_failure_score": 0.48403979667553165,
  "galaxy_name": "MESSIER 066",
  "partial_branch_score": 0.31538670097821636,
  "ra_deg": 170.07947040688646,
  "reason_codes": [
    "BENCHMARK_GUARDRAIL_OK",
    "LONG_BASELINE_SUPPORT",
    "REBRIGHTENING_OR_RETURN"
  ],
  "systematic_risk": 0.20595949287555054,
  "unresolved_variability_score": 0.6066963714742117
}
