{
  "branch_class": "VARIABLE_OR_UNRESOLVED",
  "branch_confidence": "HIGH",
  "branch_rank": 859,
  "branch_rank_score": 0.24809360354316098,
  "cluster_id": "MESSIER_066_branch_0120",
  "dec_deg": 12.990230224517386,
  "dust_survivor_score": 0.17,
  "export_failure_score": 0.3673943598785132,
  "galaxy_name": "MESSIER 066",
  "partial_branch_score": 0.3193855046285611,
  "ra_deg": 170.06173834265024,
  "reason_codes": [
    "BENCHMARK_GUARDRAIL_OK",
    "LONG_BASELINE_SUPPORT",
    "REBRIGHTENING_OR_RETURN"
  ],
  "systematic_risk": 0.2679163479125717,
  "unresolved_variability_score": 0.7459576490082507
}
