{
  "branch_class": "VARIABLE_OR_UNRESOLVED",
  "branch_confidence": "MEDIUM",
  "branch_rank": 882,
  "branch_rank_score": 0.18925171379959302,
  "cluster_id": "MESSIER_061_branch_0281",
  "dec_deg": 4.465388305609611,
  "dust_survivor_score": 0.305,
  "export_failure_score": 0.3340260514094322,
  "galaxy_name": "MESSIER 061",
  "partial_branch_score": 0.24648123750781387,
  "ra_deg": 185.4748455376916,
  "reason_codes": [
    "BENCHMARK_GUARDRAIL_OK",
    "LONG_BASELINE_SUPPORT",
    "REBRIGHTENING_OR_RETURN"
  ],
  "systematic_risk": 0.14981635458033696,
  "unresolved_variability_score": 0.6944803859164163
}
