obs_id,epoch_mjd,filter_name
hst_15151_04_wfc3_uvis_f555w_idm104,58665.13426913,F555W
hst_17502_01_wfc3_uvis_f555w_ifab01,60569.74561033,F555W
