{
  "branch_class": "VARIABLE_OR_UNRESOLVED",
  "branch_confidence": "MEDIUM",
  "branch_rank": 592,
  "branch_rank_score": 0.34986364549749654,
  "cluster_id": "MESSIER_066_branch_0048",
  "dec_deg": 13.00220864129185,
  "dust_survivor_score": 0.16000000000000003,
  "export_failure_score": 0.4816466322467816,
  "galaxy_name": "MESSIER 066",
  "partial_branch_score": 0.4226652462426178,
  "ra_deg": 170.06642515896468,
  "reason_codes": [
    "BENCHMARK_GUARDRAIL_OK",
    "LONG_BASELINE_SUPPORT",
    "REBRIGHTENING_OR_RETURN"
  ],
  "systematic_risk": 0.10337001687248869,
  "unresolved_variability_score": 0.7034573105593634
}
