{
  "branch_class": "VARIABLE_OR_UNRESOLVED",
  "branch_confidence": "LOW",
  "branch_rank": 435,
  "branch_rank_score": 0.5229863669753723,
  "cluster_id": "MESSIER_066_branch_0143",
  "dec_deg": 12.98971253668766,
  "dust_survivor_score": 0.1,
  "export_failure_score": 0.5061327951490148,
  "galaxy_name": "MESSIER 066",
  "partial_branch_score": 0.42299925198051797,
  "ra_deg": 170.05768920936495,
  "reason_codes": [
    "BENCHMARK_GUARDRAIL_OK",
    "LONG_BASELINE_SUPPORT",
    "REBRIGHTENING_OR_RETURN"
  ],
  "systematic_risk": 0.12961628643381973,
  "unresolved_variability_score": 0.5748439016562937
}
