{
  "branch_class": "VARIABLE_OR_UNRESOLVED",
  "branch_confidence": "HIGH",
  "branch_rank": 777,
  "branch_rank_score": 0.3422689601811594,
  "cluster_id": "MESSIER_066_branch_0258",
  "dec_deg": 13.00236655976889,
  "dust_survivor_score": 0.16000000000000003,
  "export_failure_score": 0.4087944221666712,
  "galaxy_name": "MESSIER 066",
  "partial_branch_score": 0.24830498092210915,
  "ra_deg": 170.05994598577678,
  "reason_codes": [
    "BENCHMARK_GUARDRAIL_OK",
    "LONG_BASELINE_SUPPORT",
    "REBRIGHTENING_OR_RETURN"
  ],
  "systematic_risk": 0.1516708590889781,
  "unresolved_variability_score": 0.7242400384602422
}
