{
  "branch_class": "VARIABLE_OR_UNRESOLVED",
  "branch_confidence": "HIGH",
  "branch_rank": 579,
  "branch_rank_score": 0.44457134933443093,
  "cluster_id": "MESSIER_066_branch_0071",
  "dec_deg": 12.992062476071867,
  "dust_survivor_score": 0.22,
  "export_failure_score": 0.44368692432832624,
  "galaxy_name": "MESSIER 066",
  "partial_branch_score": 0.43719815859715094,
  "ra_deg": 170.0743372510282,
  "reason_codes": [
    "BENCHMARK_GUARDRAIL_OK",
    "LONG_BASELINE_SUPPORT",
    "REBRIGHTENING_OR_RETURN"
  ],
  "systematic_risk": 0.13119157843082052,
  "unresolved_variability_score": 0.6389243982048303
}
