{
  "branch_class": "VARIABLE_OR_UNRESOLVED",
  "branch_confidence": "HIGH",
  "branch_rank": 519,
  "branch_rank_score": 0.4744836396661206,
  "cluster_id": "MESSIER_066_branch_0055",
  "dec_deg": 13.001575569321956,
  "dust_survivor_score": 0.16000000000000003,
  "export_failure_score": 0.4652003327637195,
  "galaxy_name": "MESSIER 066",
  "partial_branch_score": 0.41327478677084106,
  "ra_deg": 170.06358882777195,
  "reason_codes": [
    "BENCHMARK_GUARDRAIL_OK",
    "LONG_BASELINE_SUPPORT",
    "REBRIGHTENING_OR_RETURN"
  ],
  "systematic_risk": 0.11390729857595105,
  "unresolved_variability_score": 0.7128477700311402
}
