{
  "branch_class": "VARIABLE_OR_UNRESOLVED",
  "branch_confidence": "HIGH",
  "branch_rank": 881,
  "branch_rank_score": 0.1941881086785864,
  "cluster_id": "MESSIER_061_branch_0391",
  "dec_deg": 4.475351246163641,
  "dust_survivor_score": 0.23333333333333336,
  "export_failure_score": 0.3392742033346027,
  "galaxy_name": "MESSIER 061",
  "partial_branch_score": 0.24190762462036564,
  "ra_deg": 185.47560508134725,
  "reason_codes": [
    "BENCHMARK_GUARDRAIL_OK",
    "LONG_BASELINE_SUPPORT",
    "MIR_FADE_SUPPORT",
    "REBRIGHTENING_OR_RETURN"
  ],
  "systematic_risk": 0.19903263196756302,
  "unresolved_variability_score": 0.6887163782983363
}
