{
  "branch_class": "VARIABLE_OR_UNRESOLVED",
  "branch_confidence": "MEDIUM",
  "branch_rank": 664,
  "branch_rank_score": 0.3119028108483666,
  "cluster_id": "MESSIER_066_branch_0177",
  "dec_deg": 13.001743995467406,
  "dust_survivor_score": 0.22,
  "export_failure_score": 0.461445103189615,
  "galaxy_name": "MESSIER 066",
  "partial_branch_score": 0.44871929751693895,
  "ra_deg": 170.05667261283267,
  "reason_codes": [
    "BENCHMARK_GUARDRAIL_OK",
    "LONG_BASELINE_SUPPORT",
    "REBRIGHTENING_OR_RETURN"
  ],
  "systematic_risk": 0.15092905308936216,
  "unresolved_variability_score": 0.5938257218654125
}
