{
  "branch_class": "STRONG_EXPORT_FAILURE_LIKE",
  "branch_confidence": "MEDIUM",
  "branch_rank": 521,
  "branch_rank_score": 0.38668739239613087,
  "cluster_id": "MESSIER_061_branch_0355",
  "dec_deg": 4.469114769262723,
  "dust_survivor_score": 0.10500000000000001,
  "export_failure_score": 0.5367897284973726,
  "galaxy_name": "MESSIER 061",
  "partial_branch_score": 0.44577839055714175,
  "ra_deg": 185.47664462565496,
  "reason_codes": [
    "BENCHMARK_GUARDRAIL_OK",
    "LONG_BASELINE_SUPPORT"
  ],
  "systematic_risk": 0.14699713714633594,
  "unresolved_variability_score": 0.40758773119290265
}
