{
  "branch_class": "VARIABLE_OR_UNRESOLVED",
  "branch_confidence": "LOW",
  "branch_rank": 424,
  "branch_rank_score": 0.537239480432914,
  "cluster_id": "MESSIER_066_branch_0025",
  "dec_deg": 12.999875369514227,
  "dust_survivor_score": 0.12,
  "export_failure_score": 0.56095412292794,
  "galaxy_name": "MESSIER 066",
  "partial_branch_score": 0.33849693713224416,
  "ra_deg": 170.05607236018346,
  "reason_codes": [
    "BENCHMARK_GUARDRAIL_OK",
    "LONG_BASELINE_SUPPORT",
    "REBRIGHTENING_OR_RETURN"
  ],
  "systematic_risk": 0.09328532369072152,
  "unresolved_variability_score": 0.5840480822501073
}
