{
  "branch_class": "VARIABLE_OR_UNRESOLVED",
  "branch_confidence": "MEDIUM",
  "branch_rank": 828,
  "branch_rank_score": 0.22451662894267227,
  "cluster_id": "MESSIER_061_branch_0285",
  "dec_deg": 4.473787688885961,
  "dust_survivor_score": 0.265,
  "export_failure_score": 0.38131855952191596,
  "galaxy_name": "MESSIER 061",
  "partial_branch_score": 0.37808745872905514,
  "ra_deg": 185.47740273197778,
  "reason_codes": [
    "BENCHMARK_GUARDRAIL_OK",
    "LONG_BASELINE_SUPPORT",
    "REBRIGHTENING_OR_RETURN"
  ],
  "systematic_risk": 0.13216233336026978,
  "unresolved_variability_score": 0.6877786630209892
}
