{
  "branch_class": "VARIABLE_OR_UNRESOLVED",
  "branch_confidence": "HIGH",
  "branch_rank": 543,
  "branch_rank_score": 0.46202027273728546,
  "cluster_id": "MESSIER_066_branch_0147",
  "dec_deg": 13.006913992522762,
  "dust_survivor_score": 0.16000000000000003,
  "export_failure_score": 0.4515209856368934,
  "galaxy_name": "MESSIER 066",
  "partial_branch_score": 0.41295564504252047,
  "ra_deg": 170.06994310877687,
  "reason_codes": [
    "BENCHMARK_GUARDRAIL_OK",
    "LONG_BASELINE_SUPPORT",
    "REBRIGHTENING_OR_RETURN"
  ],
  "systematic_risk": 0.11750129797654399,
  "unresolved_variability_score": 0.7129227076731643
}
