{
  "branch_class": "VARIABLE_OR_UNRESOLVED",
  "branch_confidence": "HIGH",
  "branch_rank": 783,
  "branch_rank_score": 0.3381888357189244,
  "cluster_id": "MESSIER_066_branch_0257",
  "dec_deg": 12.992211999464258,
  "dust_survivor_score": 0.27,
  "export_failure_score": 0.416728915520107,
  "galaxy_name": "MESSIER 066",
  "partial_branch_score": 0.2962030278382058,
  "ra_deg": 170.06755339365696,
  "reason_codes": [
    "BENCHMARK_GUARDRAIL_OK",
    "LONG_BASELINE_SUPPORT",
    "REBRIGHTENING_OR_RETURN"
  ],
  "systematic_risk": 0.15354538160218334,
  "unresolved_variability_score": 0.6915029094615324
}
