{
  "branch_class": "VARIABLE_OR_UNRESOLVED",
  "branch_confidence": "HIGH",
  "branch_rank": 651,
  "branch_rank_score": 0.4111162402726587,
  "cluster_id": "MESSIER_066_branch_0085",
  "dec_deg": 12.994037514891684,
  "dust_survivor_score": 0.26,
  "export_failure_score": 0.4212901890242858,
  "galaxy_name": "MESSIER 066",
  "partial_branch_score": 0.41012478710100175,
  "ra_deg": 170.05780489674376,
  "reason_codes": [
    "BENCHMARK_GUARDRAIL_OK",
    "LONG_BASELINE_SUPPORT",
    "REBRIGHTENING_OR_RETURN"
  ],
  "systematic_risk": 0.10951266368040544,
  "unresolved_variability_score": 0.7157535656146831
}
