{
  "branch_class": "INTERMEDIATE_BRANCH_LIKE",
  "branch_confidence": "LOW",
  "branch_rank": 524,
  "branch_rank_score": 0.47241347133973055,
  "cluster_id": "MESSIER_066_branch_0251",
  "dec_deg": 12.980344040299084,
  "dust_survivor_score": 0.5050000000000001,
  "export_failure_score": 0.539994907784781,
  "galaxy_name": "MESSIER 066",
  "partial_branch_score": 0.5008013469450447,
  "ra_deg": 170.07273430906835,
  "reason_codes": [
    "BENCHMARK_GUARDRAIL_OK",
    "LONG_BASELINE_SUPPORT",
    "REBRIGHTENING_OR_RETURN"
  ],
  "systematic_risk": 0.12447199896566032,
  "unresolved_variability_score": 0.3897315856093446
}
