{
  "branch_class": "STRONG_EXPORT_FAILURE_LIKE",
  "branch_confidence": "MEDIUM",
  "branch_rank": 482,
  "branch_rank_score": 0.49605362609220816,
  "cluster_id": "MESSIER_066_branch_0034",
  "dec_deg": 12.98116646754331,
  "dust_survivor_score": 0.42,
  "export_failure_score": 0.5748169887333268,
  "galaxy_name": "MESSIER 066",
  "partial_branch_score": 0.41186416545912363,
  "ra_deg": 170.0570095528433,
  "reason_codes": [
    "BENCHMARK_GUARDRAIL_OK",
    "LONG_BASELINE_SUPPORT"
  ],
  "systematic_risk": 0.09404856877731682,
  "unresolved_variability_score": 0.4159204576185066
}
