{
  "branch_class": "VARIABLE_OR_UNRESOLVED",
  "branch_confidence": "HIGH",
  "branch_rank": 827,
  "branch_rank_score": 0.2928695949342489,
  "cluster_id": "MESSIER_061_branch_0346",
  "dec_deg": 4.482738185637028,
  "dust_survivor_score": 0.23000000000000004,
  "export_failure_score": 0.37096929047424604,
  "galaxy_name": "MESSIER 061",
  "partial_branch_score": 0.2531032928213191,
  "ra_deg": 185.48054273348617,
  "reason_codes": [
    "BENCHMARK_GUARDRAIL_OK",
    "LONG_BASELINE_SUPPORT",
    "REBRIGHTENING_OR_RETURN"
  ],
  "systematic_risk": 0.15531288302920612,
  "unresolved_variability_score": 0.7329379432045765
}
