{
  "branch_class": "VARIABLE_OR_UNRESOLVED",
  "branch_confidence": "MEDIUM",
  "branch_rank": 803,
  "branch_rank_score": 0.3211556644479008,
  "cluster_id": "MESSIER_061_branch_0193",
  "dec_deg": 4.483611027007536,
  "dust_survivor_score": 0.22000000000000003,
  "export_failure_score": 0.36524464057846967,
  "galaxy_name": "MESSIER 061",
  "partial_branch_score": 0.3297681428648896,
  "ra_deg": 185.47974097106086,
  "reason_codes": [
    "BENCHMARK_GUARDRAIL_OK",
    "LONG_BASELINE_SUPPORT",
    "REBRIGHTENING_OR_RETURN"
  ],
  "systematic_risk": 0.16603810081123027,
  "unresolved_variability_score": 0.7561842416771067
}
