{
  "branch_class": "VARIABLE_OR_UNRESOLVED",
  "branch_confidence": "HIGH",
  "branch_rank": 733,
  "branch_rank_score": 0.3698442369798191,
  "cluster_id": "MESSIER_061_branch_0149",
  "dec_deg": 4.4828534941943,
  "dust_survivor_score": 0.21000000000000002,
  "export_failure_score": 0.41473150842975215,
  "galaxy_name": "MESSIER 061",
  "partial_branch_score": 0.3380583944702052,
  "ra_deg": 185.48016929320013,
  "reason_codes": [
    "BENCHMARK_GUARDRAIL_OK",
    "LONG_BASELINE_SUPPORT",
    "MULTI_PAIR_LOCALIZATION",
    "REBRIGHTENING_OR_RETURN"
  ],
  "systematic_risk": 0.15960237193807023,
  "unresolved_variability_score": 0.669201065906101
}
