{
  "branch_class": "VARIABLE_OR_UNRESOLVED",
  "branch_confidence": "HIGH",
  "branch_rank": 595,
  "branch_rank_score": 0.4378175274952159,
  "cluster_id": "MESSIER_066_branch_0266",
  "dec_deg": 12.982792141807202,
  "dust_survivor_score": 0.18000000000000002,
  "export_failure_score": 0.44974940776637956,
  "galaxy_name": "MESSIER 066",
  "partial_branch_score": 0.37604612017982836,
  "ra_deg": 170.0668778247944,
  "reason_codes": [
    "BENCHMARK_GUARDRAIL_OK",
    "LONG_BASELINE_SUPPORT",
    "REBRIGHTENING_OR_RETURN"
  ],
  "systematic_risk": 0.11966521981101344,
  "unresolved_variability_score": 0.6887906953783013
}
