{
  "branch_class": "DUST_SURVIVOR_LIKE",
  "branch_confidence": "LOW",
  "branch_rank": 791,
  "branch_rank_score": 0.33218270510868453,
  "cluster_id": "MESSIER_066_branch_0228",
  "dec_deg": 13.00349478693371,
  "dust_survivor_score": 0.5850000000000001,
  "export_failure_score": 0.4092737786394849,
  "galaxy_name": "MESSIER 066",
  "partial_branch_score": 0.4711634173578516,
  "ra_deg": 170.06939948080958,
  "reason_codes": [
    "BENCHMARK_GUARDRAIL_OK",
    "DUST_COMPETITOR_PRESENT",
    "LONG_BASELINE_SUPPORT",
    "REBRIGHTENING_OR_RETURN"
  ],
  "systematic_risk": 0.12238796096063813,
  "unresolved_variability_score": 0.6574006088849482
}
