{
  "branch_class": "VARIABLE_OR_UNRESOLVED",
  "branch_confidence": "HIGH",
  "branch_rank": 610,
  "branch_rank_score": 0.415140410597602,
  "cluster_id": "MESSIER_066_branch_0270",
  "dec_deg": 12.98367687457046,
  "dust_survivor_score": 0.16000000000000003,
  "export_failure_score": 0.4577345823419421,
  "galaxy_name": "MESSIER 066",
  "partial_branch_score": 0.3926717000871512,
  "ra_deg": 170.06417964233918,
  "reason_codes": [
    "BENCHMARK_GUARDRAIL_OK",
    "LONG_BASELINE_SUPPORT",
    "REBRIGHTENING_OR_RETURN"
  ],
  "systematic_risk": 0.13973998704916055,
  "unresolved_variability_score": 0.6471651154709783
}
