{
  "branch_class": "VARIABLE_OR_UNRESOLVED",
  "branch_confidence": "MEDIUM",
  "branch_rank": 728,
  "branch_rank_score": 0.35383570624146815,
  "cluster_id": "MESSIER_061_branch_0352",
  "dec_deg": 4.48204594752095,
  "dust_survivor_score": 0.17500000000000002,
  "export_failure_score": 0.3982028057680872,
  "galaxy_name": "MESSIER 061",
  "partial_branch_score": 0.46483458144363654,
  "ra_deg": 185.47781118308174,
  "reason_codes": [
    "BENCHMARK_GUARDRAIL_OK",
    "LONG_BASELINE_SUPPORT",
    "MIR_FADE_SUPPORT",
    "REBRIGHTENING_OR_RETURN"
  ],
  "systematic_risk": 0.24042136905119008,
  "unresolved_variability_score": 0.5761871742874471
}
