{
  "branch_class": "VARIABLE_OR_UNRESOLVED",
  "branch_confidence": "MEDIUM",
  "branch_rank": 734,
  "branch_rank_score": 0.35246599606283247,
  "cluster_id": "MESSIER_061_branch_0215",
  "dec_deg": 4.470202116709293,
  "dust_survivor_score": 0.22999999999999998,
  "export_failure_score": 0.42376957523068026,
  "galaxy_name": "MESSIER 061",
  "partial_branch_score": 0.37293171244400725,
  "ra_deg": 185.4760648957579,
  "reason_codes": [
    "BENCHMARK_GUARDRAIL_OK",
    "LONG_BASELINE_SUPPORT",
    "REBRIGHTENING_OR_RETURN"
  ],
  "systematic_risk": 0.14562823191129304,
  "unresolved_variability_score": 0.6377857068939264
}
