{
  "branch_class": "SYSTEMATIC_LIKE",
  "branch_confidence": "LOW",
  "branch_rank": 860,
  "branch_rank_score": 0.18851525929673493,
  "cluster_id": "NGC_4388_branch_0016",
  "dec_deg": 12.66214213212652,
  "dust_survivor_score": 0.12000000000000001,
  "export_failure_score": 0.3848481490665711,
  "galaxy_name": "NGC 4388",
  "partial_branch_score": 0.4923899717721885,
  "ra_deg": 186.44402520316476,
  "reason_codes": [
    "BENCHMARK_GUARDRAIL_OK",
    "FORCED_COHERENCE_STRONG",
    "LONG_BASELINE_SUPPORT",
    "MIR_FADE_SUPPORT",
    "REGISTRATION_WEAK"
  ],
  "systematic_risk": 0.5351458479952667,
  "unresolved_variability_score": 0.3189989757372609
}
