{
  "branch_class": "STRONG_EXPORT_FAILURE_LIKE",
  "branch_confidence": "MEDIUM",
  "branch_rank": 487,
  "branch_rank_score": 0.49212055171544167,
  "cluster_id": "MESSIER_061_branch_0168",
  "dec_deg": 4.479402444683727,
  "dust_survivor_score": 0.11,
  "export_failure_score": 0.5400390052064437,
  "galaxy_name": "MESSIER 061",
  "partial_branch_score": 0.3356536023571829,
  "ra_deg": 185.4785789113624,
  "reason_codes": [
    "BENCHMARK_GUARDRAIL_OK",
    "LONG_BASELINE_SUPPORT",
    "MIR_FADE_SUPPORT"
  ],
  "systematic_risk": 0.17557917540356183,
  "unresolved_variability_score": 0.4415606727625283
}
