{
  "branch_class": "VARIABLE_OR_UNRESOLVED",
  "branch_confidence": "MEDIUM",
  "branch_rank": 704,
  "branch_rank_score": 0.2925481743886268,
  "cluster_id": "MESSIER_061_branch_0282",
  "dec_deg": 4.476008579152778,
  "dust_survivor_score": 0.17500000000000002,
  "export_failure_score": 0.4497551375007734,
  "galaxy_name": "MESSIER 061",
  "partial_branch_score": 0.38845018337978765,
  "ra_deg": 185.47977982866777,
  "reason_codes": [
    "BENCHMARK_GUARDRAIL_OK",
    "LONG_BASELINE_SUPPORT",
    "REBRIGHTENING_OR_RETURN"
  ],
  "systematic_risk": 0.14929969535559334,
  "unresolved_variability_score": 0.5850114400444425
}
