{
  "branch_class": "VARIABLE_OR_UNRESOLVED",
  "branch_confidence": "HIGH",
  "branch_rank": 683,
  "branch_rank_score": 0.39788540446254633,
  "cluster_id": "MESSIER_061_branch_0085",
  "dec_deg": 4.469889296905999,
  "dust_survivor_score": 0.21000000000000002,
  "export_failure_score": 0.44223311862226566,
  "galaxy_name": "MESSIER 061",
  "partial_branch_score": 0.3428436524202152,
  "ra_deg": 185.47409907560092,
  "reason_codes": [
    "BENCHMARK_GUARDRAIL_OK",
    "LONG_BASELINE_SUPPORT",
    "MULTI_PAIR_LOCALIZATION",
    "REBRIGHTENING_OR_RETURN"
  ],
  "systematic_risk": 0.1492087203581878,
  "unresolved_variability_score": 0.6614769360453336
}
