{
  "branch_class": "VARIABLE_OR_UNRESOLVED",
  "branch_confidence": "MEDIUM",
  "branch_rank": 314,
  "branch_rank_score": 0.5661805699043536,
  "cluster_id": "MESSIER_061_branch_0149",
  "dec_deg": 4.4828534941943,
  "dust_survivor_score": 0.16499999999999998,
  "export_failure_score": 0.486789672452594,
  "galaxy_name": "MESSIER 061",
  "partial_branch_score": 0.48020833069888413,
  "ra_deg": 185.48016929320013,
  "reason_codes": [
    "BENCHMARK_GUARDRAIL_OK",
    "LONG_BASELINE_SUPPORT",
    "MULTI_PAIR_LOCALIZATION",
    "REBRIGHTENING_OR_RETURN"
  ],
  "systematic_risk": 0.1456823168678903,
  "unresolved_variability_score": 0.5757436293412668
}
