{
  "branch_class": "VARIABLE_OR_UNRESOLVED",
  "branch_confidence": "MEDIUM",
  "branch_rank": 494,
  "branch_rank_score": 0.48752779904601945,
  "cluster_id": "MESSIER_066_branch_0066",
  "dec_deg": 13.001488151687553,
  "dust_survivor_score": 0.22,
  "export_failure_score": 0.4748999848311436,
  "galaxy_name": "MESSIER 066",
  "partial_branch_score": 0.4588210687578752,
  "ra_deg": 170.0557890048844,
  "reason_codes": [
    "BENCHMARK_GUARDRAIL_OK",
    "LONG_BASELINE_SUPPORT",
    "REBRIGHTENING_OR_RETURN"
  ],
  "systematic_risk": 0.10847825315931886,
  "unresolved_variability_score": 0.6173014880441061
}
