{
  "branch_class": "VARIABLE_OR_UNRESOLVED",
  "branch_confidence": "HIGH",
  "branch_rank": 861,
  "branch_rank_score": 0.2382778629880743,
  "cluster_id": "MESSIER_061_branch_0309",
  "dec_deg": 4.48019502129375,
  "dust_survivor_score": 0.21833333333333332,
  "export_failure_score": 0.3673261038437588,
  "galaxy_name": "MESSIER 061",
  "partial_branch_score": 0.2635669972245523,
  "ra_deg": 185.47977897207883,
  "reason_codes": [
    "BENCHMARK_GUARDRAIL_OK",
    "LONG_BASELINE_SUPPORT",
    "REBRIGHTENING_OR_RETURN"
  ],
  "systematic_risk": 0.18699797653316425,
  "unresolved_variability_score": 0.658173110892337
}
