{
  "branch_class": "VARIABLE_OR_UNRESOLVED",
  "branch_confidence": "HIGH",
  "branch_rank": 667,
  "branch_rank_score": 0.4037870575722551,
  "cluster_id": "MESSIER_066_branch_0208",
  "dec_deg": 12.986326875550876,
  "dust_survivor_score": 0.17,
  "export_failure_score": 0.45419881561824205,
  "galaxy_name": "MESSIER 066",
  "partial_branch_score": 0.27881300733811193,
  "ra_deg": 170.06482629587262,
  "reason_codes": [
    "BENCHMARK_GUARDRAIL_OK",
    "LONG_BASELINE_SUPPORT",
    "REBRIGHTENING_OR_RETURN"
  ],
  "systematic_risk": 0.11236973920376991,
  "unresolved_variability_score": 0.7065301462986997
}
