{
  "branch_class": "VARIABLE_OR_UNRESOLVED",
  "branch_confidence": "MEDIUM",
  "branch_rank": 600,
  "branch_rank_score": 0.3436608400673079,
  "cluster_id": "MESSIER_066_branch_0068",
  "dec_deg": 12.985601014586265,
  "dust_survivor_score": 0.22,
  "export_failure_score": 0.46303645147198236,
  "galaxy_name": "MESSIER 066",
  "partial_branch_score": 0.3856249414452453,
  "ra_deg": 170.07306020944594,
  "reason_codes": [
    "BENCHMARK_GUARDRAIL_OK",
    "LONG_BASELINE_SUPPORT",
    "REBRIGHTENING_OR_RETURN"
  ],
  "systematic_risk": 0.11707009297854332,
  "unresolved_variability_score": 0.5889676700265879
}
