{
  "branch_class": "VARIABLE_OR_UNRESOLVED",
  "branch_confidence": "LOW",
  "branch_rank": 881,
  "branch_rank_score": 0.19039447783557453,
  "cluster_id": "MESSIER_061_branch_0227",
  "dec_deg": 4.463524767295144,
  "dust_survivor_score": 0.30000000000000004,
  "export_failure_score": 0.2948401520363151,
  "galaxy_name": "MESSIER 061",
  "partial_branch_score": 0.193142538461207,
  "ra_deg": 185.47171775649292,
  "reason_codes": [
    "BENCHMARK_GUARDRAIL_OK",
    "COVERAGE_LIMITED",
    "LONG_BASELINE_SUPPORT",
    "REBRIGHTENING_OR_RETURN"
  ],
  "systematic_risk": 0.1411046594928338,
  "unresolved_variability_score": 0.8636538547860491
}
