{
  "branch_class": "VARIABLE_OR_UNRESOLVED",
  "branch_confidence": "HIGH",
  "branch_rank": 891,
  "branch_rank_score": 0.14770565082285764,
  "cluster_id": "MESSIER_061_branch_0383",
  "dec_deg": 4.4814618127607755,
  "dust_survivor_score": 0.35000000000000003,
  "export_failure_score": 0.27158463731553634,
  "galaxy_name": "MESSIER 061",
  "partial_branch_score": 0.23334354559269377,
  "ra_deg": 185.4781898346422,
  "reason_codes": [
    "BENCHMARK_GUARDRAIL_OK",
    "LONG_BASELINE_SUPPORT",
    "REBRIGHTENING_OR_RETURN"
  ],
  "systematic_risk": 0.2174368074972154,
  "unresolved_variability_score": 0.7946085611861649
}
