{
  "branch_class": "STRONG_EXPORT_FAILURE_LIKE",
  "branch_confidence": "LOW",
  "branch_rank": 469,
  "branch_rank_score": 0.5033565833772824,
  "cluster_id": "MESSIER_061_branch_0355",
  "dec_deg": 4.469114769262723,
  "dust_survivor_score": 0.05,
  "export_failure_score": 0.5282040794884241,
  "galaxy_name": "MESSIER 061",
  "partial_branch_score": 0.3456681543763135,
  "ra_deg": 185.47664462565496,
  "reason_codes": [
    "BENCHMARK_GUARDRAIL_OK",
    "COVERAGE_LIMITED",
    "LONG_BASELINE_SUPPORT"
  ],
  "systematic_risk": 0.1771892464371918,
  "unresolved_variability_score": 0.3864181213974328
}
