{
  "branch_class": "VARIABLE_OR_UNRESOLVED",
  "branch_confidence": "HIGH",
  "branch_rank": 556,
  "branch_rank_score": 0.4557539119002977,
  "cluster_id": "MESSIER_066_branch_0195",
  "dec_deg": 13.006009297709111,
  "dust_survivor_score": 0.12,
  "export_failure_score": 0.46704277816147466,
  "galaxy_name": "MESSIER 066",
  "partial_branch_score": 0.4431710916284557,
  "ra_deg": 170.05875144064692,
  "reason_codes": [
    "BENCHMARK_GUARDRAIL_OK",
    "LONG_BASELINE_SUPPORT",
    "REBRIGHTENING_OR_RETURN"
  ],
  "systematic_risk": 0.14961696654061585,
  "unresolved_variability_score": 0.6327072610872291
}
