{
  "branch_class": "VARIABLE_OR_UNRESOLVED",
  "branch_confidence": "HIGH",
  "branch_rank": 715,
  "branch_rank_score": 0.38483691821867105,
  "cluster_id": "MESSIER_066_branch_0149",
  "dec_deg": 13.006272642973313,
  "dust_survivor_score": 0.16000000000000003,
  "export_failure_score": 0.44228253464907274,
  "galaxy_name": "MESSIER 066",
  "partial_branch_score": 0.26303452873866234,
  "ra_deg": 170.05695998661056,
  "reason_codes": [
    "BENCHMARK_GUARDRAIL_OK",
    "LONG_BASELINE_SUPPORT",
    "REBRIGHTENING_OR_RETURN"
  ],
  "systematic_risk": 0.1266597137384732,
  "unresolved_variability_score": 0.7097546947299855
}
