{
  "branch_class": "VARIABLE_OR_UNRESOLVED",
  "branch_confidence": "HIGH",
  "branch_rank": 700,
  "branch_rank_score": 0.3919910278257466,
  "cluster_id": "MESSIER_066_branch_0052",
  "dec_deg": 12.999538740054856,
  "dust_survivor_score": 0.26,
  "export_failure_score": 0.4106410817491768,
  "galaxy_name": "MESSIER 066",
  "partial_branch_score": 0.40526308362574803,
  "ra_deg": 170.0453763266892,
  "reason_codes": [
    "BENCHMARK_GUARDRAIL_OK",
    "LONG_BASELINE_SUPPORT",
    "REBRIGHTENING_OR_RETURN"
  ],
  "systematic_risk": 0.1326665001550208,
  "unresolved_variability_score": 0.7208594731762332
}
