{
  "branch_class": "INTERMEDIATE_BRANCH_LIKE",
  "branch_confidence": "LOW",
  "branch_rank": 361,
  "branch_rank_score": 0.6054807948023788,
  "cluster_id": "MESSIER_066_branch_0248",
  "dec_deg": 12.997024595592354,
  "dust_survivor_score": 0.18,
  "export_failure_score": 0.5857598428153623,
  "galaxy_name": "MESSIER 066",
  "partial_branch_score": 0.5082519099479124,
  "ra_deg": 170.05375732494855,
  "reason_codes": [
    "BENCHMARK_GUARDRAIL_OK",
    "LONG_BASELINE_SUPPORT"
  ],
  "systematic_risk": 0.12096390133530263,
  "unresolved_variability_score": 0.4502334305169952
}
