{
  "branch_class": "VARIABLE_OR_UNRESOLVED",
  "branch_confidence": "HIGH",
  "branch_rank": 823,
  "branch_rank_score": 0.2959902028094458,
  "cluster_id": "MESSIER_061_branch_0191",
  "dec_deg": 4.481020273503485,
  "dust_survivor_score": 0.28,
  "export_failure_score": 0.36053466915402466,
  "galaxy_name": "MESSIER 061",
  "partial_branch_score": 0.3144122754793335,
  "ra_deg": 185.47913284896057,
  "reason_codes": [
    "BENCHMARK_GUARDRAIL_OK",
    "LONG_BASELINE_SUPPORT",
    "REBRIGHTENING_OR_RETURN"
  ],
  "systematic_risk": 0.1595603467893848,
  "unresolved_variability_score": 0.7411353329737111
}
