{
  "branch_class": "INTERMEDIATE_BRANCH_LIKE",
  "branch_confidence": "LOW",
  "branch_rank": 453,
  "branch_rank_score": 0.5131345621150349,
  "cluster_id": "MESSIER_061_branch_0165",
  "dec_deg": 4.465480108216295,
  "dust_survivor_score": 0.16,
  "export_failure_score": 0.4903066804487647,
  "galaxy_name": "MESSIER 061",
  "partial_branch_score": 0.4976782244968794,
  "ra_deg": 185.47179791383292,
  "reason_codes": [
    "BENCHMARK_GUARDRAIL_OK",
    "LONG_BASELINE_SUPPORT",
    "MULTI_PAIR_LOCALIZATION"
  ],
  "systematic_risk": 0.16623288682886522,
  "unresolved_variability_score": 0.4867633297815859
}
