{
  "branch_class": "VARIABLE_OR_UNRESOLVED",
  "branch_confidence": "HIGH",
  "branch_rank": 708,
  "branch_rank_score": 0.3874046251324893,
  "cluster_id": "MESSIER_066_branch_0207",
  "dec_deg": 12.995438052670496,
  "dust_survivor_score": 0.16000000000000003,
  "export_failure_score": 0.4439705694649042,
  "galaxy_name": "MESSIER 066",
  "partial_branch_score": 0.26475531072189346,
  "ra_deg": 170.06384711997848,
  "reason_codes": [
    "BENCHMARK_GUARDRAIL_OK",
    "LONG_BASELINE_SUPPORT",
    "REBRIGHTENING_OR_RETURN"
  ],
  "systematic_risk": 0.12543056354662308,
  "unresolved_variability_score": 0.7080339127467544
}
