{
  "branch_class": "VARIABLE_OR_UNRESOLVED",
  "branch_confidence": "HIGH",
  "branch_rank": 575,
  "branch_rank_score": 0.4348302718152094,
  "cluster_id": "MESSIER_066_branch_0105",
  "dec_deg": 12.996339476952189,
  "dust_survivor_score": 0.16000000000000003,
  "export_failure_score": 0.4571979279433788,
  "galaxy_name": "MESSIER 066",
  "partial_branch_score": 0.4180130971970884,
  "ra_deg": 170.0590174535724,
  "reason_codes": [
    "BENCHMARK_GUARDRAIL_OK",
    "LONG_BASELINE_SUPPORT",
    "REBRIGHTENING_OR_RETURN"
  ],
  "systematic_risk": 0.11927421889828352,
  "unresolved_variability_score": 0.7078652555185964
}
