{
  "branch_class": "VARIABLE_OR_UNRESOLVED",
  "branch_confidence": "LOW",
  "branch_rank": 896,
  "branch_rank_score": 0.11705367302681266,
  "cluster_id": "MESSIER_061_branch_0404",
  "dec_deg": 4.4675089367596,
  "dust_survivor_score": 0.30000000000000004,
  "export_failure_score": 0.23042449787782418,
  "galaxy_name": "MESSIER 061",
  "partial_branch_score": 0.16699033859858997,
  "ra_deg": 185.47624287400703,
  "reason_codes": [
    "BENCHMARK_GUARDRAIL_OK",
    "COVERAGE_LIMITED",
    "LONG_BASELINE_SUPPORT",
    "REBRIGHTENING_OR_RETURN"
  ],
  "systematic_risk": 0.16831977097977013,
  "unresolved_variability_score": 0.8950959371751563
}
