{
  "branch_class": "VARIABLE_OR_UNRESOLVED",
  "branch_confidence": "HIGH",
  "branch_rank": 577,
  "branch_rank_score": 0.4453841152530885,
  "cluster_id": "MESSIER_066_branch_0045",
  "dec_deg": 12.980512071803888,
  "dust_survivor_score": 0.17,
  "export_failure_score": 0.4542771374805237,
  "galaxy_name": "MESSIER 066",
  "partial_branch_score": 0.36857362599956994,
  "ra_deg": 170.06312568772867,
  "reason_codes": [
    "BENCHMARK_GUARDRAIL_OK",
    "LONG_BASELINE_SUPPORT",
    "REBRIGHTENING_OR_RETURN"
  ],
  "systematic_risk": 0.10749767344942068,
  "unresolved_variability_score": 0.7317695276372418
}
