{
  "branch_class": "VARIABLE_OR_UNRESOLVED",
  "branch_confidence": "HIGH",
  "branch_rank": 452,
  "branch_rank_score": 0.43576194587825734,
  "cluster_id": "MESSIER_061_branch_0134",
  "dec_deg": 4.483000061112505,
  "dust_survivor_score": 0.20500000000000002,
  "export_failure_score": 0.40677486553024134,
  "galaxy_name": "MESSIER 061",
  "partial_branch_score": 0.36304667688380227,
  "ra_deg": 185.47950136119087,
  "reason_codes": [
    "BENCHMARK_GUARDRAIL_OK",
    "LONG_BASELINE_SUPPORT",
    "MULTI_PAIR_LOCALIZATION",
    "REBRIGHTENING_OR_RETURN"
  ],
  "systematic_risk": 0.25396872677243165,
  "unresolved_variability_score": 0.6259927632773533
}
