{
  "branch_class": "VARIABLE_OR_UNRESOLVED",
  "branch_confidence": "HIGH",
  "branch_rank": 744,
  "branch_rank_score": 0.3626825498190645,
  "cluster_id": "MESSIER_061_branch_0392",
  "dec_deg": 4.478266132749444,
  "dust_survivor_score": 0.16000000000000003,
  "export_failure_score": 0.39860460044951934,
  "galaxy_name": "MESSIER 061",
  "partial_branch_score": 0.3245764796036595,
  "ra_deg": 185.47910901284257,
  "reason_codes": [
    "BENCHMARK_GUARDRAIL_OK",
    "LONG_BASELINE_SUPPORT",
    "REBRIGHTENING_OR_RETURN"
  ],
  "systematic_risk": 0.1659326921841306,
  "unresolved_variability_score": 0.6967089605085325
}
