{
  "branch_class": "VARIABLE_OR_UNRESOLVED",
  "branch_confidence": "HIGH",
  "branch_rank": 801,
  "branch_rank_score": 0.32450469006090243,
  "cluster_id": "MESSIER_061_branch_0234",
  "dec_deg": 4.474700040733116,
  "dust_survivor_score": 0.21000000000000002,
  "export_failure_score": 0.37618548819242237,
  "galaxy_name": "MESSIER 061",
  "partial_branch_score": 0.3174631356249151,
  "ra_deg": 185.4755700850734,
  "reason_codes": [
    "BENCHMARK_GUARDRAIL_OK",
    "LONG_BASELINE_SUPPORT",
    "REBRIGHTENING_OR_RETURN"
  ],
  "systematic_risk": 0.17385048444096407,
  "unresolved_variability_score": 0.7128402687418329
}
