{
  "branch_class": "VARIABLE_OR_UNRESOLVED",
  "branch_confidence": "HIGH",
  "branch_rank": 526,
  "branch_rank_score": 0.4685637852629429,
  "cluster_id": "MESSIER_066_branch_0145",
  "dec_deg": 12.986809957233323,
  "dust_survivor_score": 0.17,
  "export_failure_score": 0.46629033350108284,
  "galaxy_name": "MESSIER 066",
  "partial_branch_score": 0.39880017416747204,
  "ra_deg": 170.059466644346,
  "reason_codes": [
    "BENCHMARK_GUARDRAIL_OK",
    "LONG_BASELINE_SUPPORT",
    "REBRIGHTENING_OR_RETURN"
  ],
  "systematic_risk": 0.10719161598083472,
  "unresolved_variability_score": 0.7015429794693396
}
