{
  "branch_class": "SYSTEMATIC_LIKE",
  "branch_confidence": "MEDIUM",
  "branch_rank": 851,
  "branch_rank_score": 0.2691749964863757,
  "cluster_id": "NGC_4388_branch_0014",
  "dec_deg": 12.662247397286887,
  "dust_survivor_score": 0.10666666666666669,
  "export_failure_score": 0.4252957453895339,
  "galaxy_name": "NGC 4388",
  "partial_branch_score": 0.3487708839492901,
  "ra_deg": 186.4441564280449,
  "reason_codes": [
    "BENCHMARK_GUARDRAIL_OK",
    "FORCED_COHERENCE_STRONG",
    "LONG_BASELINE_SUPPORT",
    "MIR_FADE_SUPPORT",
    "PERSISTENT_FADE_SUPPORT",
    "REGISTRATION_WEAK"
  ],
  "systematic_risk": 0.5542574574334413,
  "unresolved_variability_score": 0.29761806356015935
}
