{
  "branch_class": "VARIABLE_OR_UNRESOLVED",
  "branch_confidence": "LOW",
  "branch_rank": 512,
  "branch_rank_score": 0.4768845839888019,
  "cluster_id": "MESSIER_061_branch_0103",
  "dec_deg": 4.476593432097465,
  "dust_survivor_score": 0.15000000000000002,
  "export_failure_score": 0.49860306031385915,
  "galaxy_name": "MESSIER 061",
  "partial_branch_score": 0.39665569503142933,
  "ra_deg": 185.47640636241883,
  "reason_codes": [
    "BENCHMARK_GUARDRAIL_OK",
    "LONG_BASELINE_SUPPORT",
    "MIR_FADE_SUPPORT",
    "MULTI_PAIR_LOCALIZATION",
    "REBRIGHTENING_OR_RETURN"
  ],
  "systematic_risk": 0.1689776668047079,
  "unresolved_variability_score": 0.5223258275391418
}
