{
  "branch_class": "VARIABLE_OR_UNRESOLVED",
  "branch_confidence": "MEDIUM",
  "branch_rank": 675,
  "branch_rank_score": 0.3072656556212958,
  "cluster_id": "MESSIER_061_branch_0324",
  "dec_deg": 4.483751468715458,
  "dust_survivor_score": 0.15000000000000002,
  "export_failure_score": 0.46690062924642767,
  "galaxy_name": "MESSIER 061",
  "partial_branch_score": 0.3900809144525486,
  "ra_deg": 185.48226093027387,
  "reason_codes": [
    "BENCHMARK_GUARDRAIL_OK",
    "LONG_BASELINE_SUPPORT",
    "REBRIGHTENING_OR_RETURN"
  ],
  "systematic_risk": 0.1620337831884764,
  "unresolved_variability_score": 0.5655410032111993
}
