{
  "branch_class": "VARIABLE_OR_UNRESOLVED",
  "branch_confidence": "HIGH",
  "branch_rank": 712,
  "branch_rank_score": 0.38611303748607917,
  "cluster_id": "MESSIER_066_branch_0142",
  "dec_deg": 13.001975443439603,
  "dust_survivor_score": 0.16000000000000003,
  "export_failure_score": 0.4451228541851713,
  "galaxy_name": "MESSIER 066",
  "partial_branch_score": 0.2650733983722309,
  "ra_deg": 170.0610184161285,
  "reason_codes": [
    "BENCHMARK_GUARDRAIL_OK",
    "LONG_BASELINE_SUPPORT",
    "REBRIGHTENING_OR_RETURN"
  ],
  "systematic_risk": 0.1319430646378162,
  "unresolved_variability_score": 0.707715825096417
}
