{
  "branch_class": "VARIABLE_OR_UNRESOLVED",
  "branch_confidence": "HIGH",
  "branch_rank": 555,
  "branch_rank_score": 0.45464696467203325,
  "cluster_id": "MESSIER_066_branch_0227",
  "dec_deg": 13.003581712479734,
  "dust_survivor_score": 0.16000000000000003,
  "export_failure_score": 0.444088421913006,
  "galaxy_name": "MESSIER 066",
  "partial_branch_score": 0.41139632938669024,
  "ra_deg": 170.05757558094285,
  "reason_codes": [
    "BENCHMARK_GUARDRAIL_OK",
    "LONG_BASELINE_SUPPORT",
    "REBRIGHTENING_OR_RETURN"
  ],
  "systematic_risk": 0.11941935728640918,
  "unresolved_variability_score": 0.714726227415291
}
