{
  "branch_class": "VARIABLE_OR_UNRESOLVED",
  "branch_confidence": "HIGH",
  "branch_rank": 675,
  "branch_rank_score": 0.40153182448748376,
  "cluster_id": "MESSIER_066_branch_0158",
  "dec_deg": 12.991974513163559,
  "dust_survivor_score": 0.26,
  "export_failure_score": 0.4125332632219997,
  "galaxy_name": "MESSIER 066",
  "partial_branch_score": 0.4108356352150119,
  "ra_deg": 170.04956056182007,
  "reason_codes": [
    "BENCHMARK_GUARDRAIL_OK",
    "LONG_BASELINE_SUPPORT",
    "REBRIGHTENING_OR_RETURN"
  ],
  "systematic_risk": 0.11736210949104464,
  "unresolved_variability_score": 0.7152869215869693
}
