{
  "branch_class": "VARIABLE_OR_UNRESOLVED",
  "branch_confidence": "LOW",
  "branch_rank": 895,
  "branch_rank_score": 0.11743115252302898,
  "cluster_id": "MESSIER_061_branch_0179",
  "dec_deg": 4.47935791130522,
  "dust_survivor_score": 0.30000000000000004,
  "export_failure_score": 0.24510143574465107,
  "galaxy_name": "MESSIER 061",
  "partial_branch_score": 0.14166815437631347,
  "ra_deg": 185.4814843459976,
  "reason_codes": [
    "BENCHMARK_GUARDRAIL_OK",
    "COVERAGE_LIMITED",
    "LONG_BASELINE_SUPPORT",
    "REBRIGHTENING_OR_RETURN"
  ],
  "systematic_risk": 0.1689445019164832,
  "unresolved_variability_score": 0.920418121397433
}
