{
  "branch_class": "VARIABLE_OR_UNRESOLVED",
  "branch_confidence": "LOW",
  "branch_rank": 409,
  "branch_rank_score": 0.5508651787755267,
  "cluster_id": "MESSIER_066_branch_0100",
  "dec_deg": 12.999298830358809,
  "dust_survivor_score": 0.12,
  "export_failure_score": 0.5294317457946489,
  "galaxy_name": "MESSIER 066",
  "partial_branch_score": 0.4642292022975406,
  "ra_deg": 170.06067400554198,
  "reason_codes": [
    "BENCHMARK_GUARDRAIL_OK",
    "LONG_BASELINE_SUPPORT",
    "REBRIGHTENING_OR_RETURN"
  ],
  "systematic_risk": 0.13931923833766285,
  "unresolved_variability_score": 0.5783158170848108
}
