{
  "branch_class": "VARIABLE_OR_UNRESOLVED",
  "branch_confidence": "HIGH",
  "branch_rank": 590,
  "branch_rank_score": 0.4270634725021742,
  "cluster_id": "MESSIER_066_branch_0118",
  "dec_deg": 13.003504017660969,
  "dust_survivor_score": 0.16000000000000003,
  "export_failure_score": 0.45181481950948144,
  "galaxy_name": "MESSIER 066",
  "partial_branch_score": 0.4049948729100926,
  "ra_deg": 170.0499450678887,
  "reason_codes": [
    "BENCHMARK_GUARDRAIL_OK",
    "LONG_BASELINE_SUPPORT",
    "REBRIGHTENING_OR_RETURN"
  ],
  "systematic_risk": 0.11122047669657258,
  "unresolved_variability_score": 0.7211276838918886
}
