obs_id,epoch_mjd,filter_name
hst_9490_02_acs_wfc_f555w_j8d602,52591.73689722,F555W
hst_14678_01_acs_wfc_f555w_jd6v01,57919.6925697,F555W
