{
  "branch_class": "VARIABLE_OR_UNRESOLVED",
  "branch_confidence": "HIGH",
  "branch_rank": 493,
  "branch_rank_score": 0.4877151472748541,
  "cluster_id": "MESSIER_066_branch_0199",
  "dec_deg": 12.995363854671835,
  "dust_survivor_score": 0.12,
  "export_failure_score": 0.46674117117981434,
  "galaxy_name": "MESSIER 066",
  "partial_branch_score": 0.4427486009712249,
  "ra_deg": 170.05751550457117,
  "reason_codes": [
    "BENCHMARK_GUARDRAIL_OK",
    "LONG_BASELINE_SUPPORT",
    "REBRIGHTENING_OR_RETURN"
  ],
  "systematic_risk": 0.14796437027794693,
  "unresolved_variability_score": 0.6333739558307563
}
