{
  "branch_class": "VARIABLE_OR_UNRESOLVED",
  "branch_confidence": "HIGH",
  "branch_rank": 581,
  "branch_rank_score": 0.44323396446321695,
  "cluster_id": "MESSIER_066_branch_0074",
  "dec_deg": 12.999114398604128,
  "dust_survivor_score": 0.26,
  "export_failure_score": 0.44584796879703714,
  "galaxy_name": "MESSIER 066",
  "partial_branch_score": 0.43545322546681975,
  "ra_deg": 170.06535086574405,
  "reason_codes": [
    "BENCHMARK_GUARDRAIL_OK",
    "LONG_BASELINE_SUPPORT",
    "REBRIGHTENING_OR_RETURN"
  ],
  "systematic_risk": 0.10643952740907917,
  "unresolved_variability_score": 0.6906693313351615
}
