{
  "branch_class": "STRONG_EXPORT_FAILURE_LIKE",
  "branch_confidence": "LOW",
  "branch_rank": 439,
  "branch_rank_score": 0.44521739832915513,
  "cluster_id": "MESSIER_066_branch_0234",
  "dec_deg": 12.982253484333564,
  "dust_survivor_score": 0.1,
  "export_failure_score": 0.5558992694707632,
  "galaxy_name": "MESSIER 066",
  "partial_branch_score": 0.43582294621419404,
  "ra_deg": 170.06944916639628,
  "reason_codes": [
    "BENCHMARK_GUARDRAIL_OK",
    "LONG_BASELINE_SUPPORT",
    "REBRIGHTENING_OR_RETURN"
  ],
  "systematic_risk": 0.13783895553624984,
  "unresolved_variability_score": 0.4773472026772688
}
