{
  "branch_class": "VARIABLE_OR_UNRESOLVED",
  "branch_confidence": "HIGH",
  "branch_rank": 780,
  "branch_rank_score": 0.3402523176408234,
  "cluster_id": "MESSIER_061_branch_0213",
  "dec_deg": 4.468851656692526,
  "dust_survivor_score": 0.11200000000000002,
  "export_failure_score": 0.39751594111371197,
  "galaxy_name": "MESSIER 061",
  "partial_branch_score": 0.3188505147660389,
  "ra_deg": 185.47261493677044,
  "reason_codes": [
    "BENCHMARK_GUARDRAIL_OK",
    "LONG_BASELINE_SUPPORT",
    "REBRIGHTENING_OR_RETURN"
  ],
  "systematic_risk": 0.25572651922222034,
  "unresolved_variability_score": 0.6206241566760604
}
