{
  "branch_class": "VARIABLE_OR_UNRESOLVED",
  "branch_confidence": "HIGH",
  "branch_rank": 886,
  "branch_rank_score": 0.17951791980472243,
  "cluster_id": "MESSIER_061_branch_0402",
  "dec_deg": 4.4752000879980125,
  "dust_survivor_score": 0.265,
  "export_failure_score": 0.2870945172972758,
  "galaxy_name": "MESSIER 061",
  "partial_branch_score": 0.22641142848815873,
  "ra_deg": 185.47621774050933,
  "reason_codes": [
    "BENCHMARK_GUARDRAIL_OK",
    "LONG_BASELINE_SUPPORT",
    "REBRIGHTENING_OR_RETURN"
  ],
  "systematic_risk": 0.2217814278917018,
  "unresolved_variability_score": 0.6998592040137352
}
