{
  "branch_class": "VARIABLE_OR_UNRESOLVED",
  "branch_confidence": "MEDIUM",
  "branch_rank": 642,
  "branch_rank_score": 0.32201505860475416,
  "cluster_id": "MESSIER_066_branch_0186",
  "dec_deg": 12.995514006895103,
  "dust_survivor_score": 0.16000000000000003,
  "export_failure_score": 0.4517394597158213,
  "galaxy_name": "MESSIER 066",
  "partial_branch_score": 0.41360633484665565,
  "ra_deg": 170.0672677322599,
  "reason_codes": [
    "BENCHMARK_GUARDRAIL_OK",
    "LONG_BASELINE_SUPPORT",
    "REBRIGHTENING_OR_RETURN"
  ],
  "systematic_risk": 0.11705653174050464,
  "unresolved_variability_score": 0.7125162219553256
}
