{
  "branch_class": "VARIABLE_OR_UNRESOLVED",
  "branch_confidence": "LOW",
  "branch_rank": 732,
  "branch_rank_score": 0.27922407934470933,
  "cluster_id": "MESSIER_066_branch_0169",
  "dec_deg": 12.995098253582803,
  "dust_survivor_score": 0.5775000000000001,
  "export_failure_score": 0.49136637982662756,
  "galaxy_name": "MESSIER 066",
  "partial_branch_score": 0.5293601585448569,
  "ra_deg": 170.05625497607898,
  "reason_codes": [
    "BENCHMARK_GUARDRAIL_OK",
    "DUST_COMPETITOR_PRESENT",
    "LONG_BASELINE_SUPPORT"
  ],
  "systematic_risk": 0.14669249179809382,
  "unresolved_variability_score": 0.41920386769794293
}
