{
  "branch_class": "VARIABLE_OR_UNRESOLVED",
  "branch_confidence": "HIGH",
  "branch_rank": 795,
  "branch_rank_score": 0.3280335053934955,
  "cluster_id": "MESSIER_061_branch_0138",
  "dec_deg": 4.483662306592807,
  "dust_survivor_score": 0.22600000000000003,
  "export_failure_score": 0.405997390834281,
  "galaxy_name": "MESSIER 061",
  "partial_branch_score": 0.2610079510046362,
  "ra_deg": 185.47947699544517,
  "reason_codes": [
    "BENCHMARK_GUARDRAIL_OK",
    "LONG_BASELINE_SUPPORT",
    "MULTI_PAIR_LOCALIZATION",
    "REBRIGHTENING_OR_RETURN"
  ],
  "systematic_risk": 0.14891901102874125,
  "unresolved_variability_score": 0.7157221304466436
}
