{
  "branch_class": "STRONG_EXPORT_FAILURE_LIKE",
  "branch_confidence": "LOW",
  "branch_rank": 513,
  "branch_rank_score": 0.4764267364774061,
  "cluster_id": "MESSIER_061_branch_0183",
  "dec_deg": 4.478040630113116,
  "dust_survivor_score": 0.11,
  "export_failure_score": 0.5105956966444712,
  "galaxy_name": "MESSIER 061",
  "partial_branch_score": 0.3812452796122881,
  "ra_deg": 185.47080686383646,
  "reason_codes": [
    "BENCHMARK_GUARDRAIL_OK",
    "LONG_BASELINE_SUPPORT",
    "MIR_FADE_SUPPORT"
  ],
  "systematic_risk": 0.20916718969701953,
  "unresolved_variability_score": 0.4597764761187957
}
