{
  "branch_class": "VARIABLE_OR_UNRESOLVED",
  "branch_confidence": "MEDIUM",
  "branch_rank": 736,
  "branch_rank_score": 0.27652012856177066,
  "cluster_id": "MESSIER_066_branch_0051",
  "dec_deg": 13.000746304913815,
  "dust_survivor_score": 0.26,
  "export_failure_score": 0.42124533821326776,
  "galaxy_name": "MESSIER 066",
  "partial_branch_score": 0.406151412025088,
  "ra_deg": 170.0547865675043,
  "reason_codes": [
    "BENCHMARK_GUARDRAIL_OK",
    "LONG_BASELINE_SUPPORT",
    "REBRIGHTENING_OR_RETURN"
  ],
  "systematic_risk": 0.10815841983537527,
  "unresolved_variability_score": 0.7197269406905968
}
