{
  "branch_class": "INTERMEDIATE_BRANCH_LIKE",
  "branch_confidence": "LOW",
  "branch_rank": 334,
  "branch_rank_score": 0.6338120063901659,
  "cluster_id": "MESSIER_061_branch_0066",
  "dec_deg": 4.4829275243160955,
  "dust_survivor_score": 0.11,
  "export_failure_score": 0.5831141373983592,
  "galaxy_name": "MESSIER 061",
  "partial_branch_score": 0.5408741295160042,
  "ra_deg": 185.48243433334358,
  "reason_codes": [
    "BENCHMARK_GUARDRAIL_OK",
    "LONG_BASELINE_SUPPORT",
    "MULTI_PAIR_LOCALIZATION"
  ],
  "systematic_risk": 0.13124346978208068,
  "unresolved_variability_score": 0.4306286246254086
}
