{
  "branch_class": "INTERMEDIATE_BRANCH_LIKE",
  "branch_confidence": "LOW",
  "branch_rank": 437,
  "branch_rank_score": 0.5227321280523007,
  "cluster_id": "NGC_4388_branch_0010",
  "dec_deg": 12.661444759546004,
  "dust_survivor_score": 0.08333333333333336,
  "export_failure_score": 0.5265189943798017,
  "galaxy_name": "NGC 4388",
  "partial_branch_score": 0.5194019300381874,
  "ra_deg": 186.44377075710702,
  "reason_codes": [
    "BENCHMARK_GUARDRAIL_OK",
    "FORCED_COHERENCE_STRONG",
    "LONG_BASELINE_SUPPORT",
    "MIR_FADE_SUPPORT",
    "REGISTRATION_WEAK"
  ],
  "systematic_risk": 0.30640877704994796,
  "unresolved_variability_score": 0.2722636184203142
}
