{
  "branch_class": "VARIABLE_OR_UNRESOLVED",
  "branch_confidence": "HIGH",
  "branch_rank": 450,
  "branch_rank_score": 0.5159146841394961,
  "cluster_id": "MESSIER_066_branch_0108",
  "dec_deg": 12.98889424122921,
  "dust_survivor_score": 0.16000000000000003,
  "export_failure_score": 0.49407118943053896,
  "galaxy_name": "MESSIER 066",
  "partial_branch_score": 0.4538233562932248,
  "ra_deg": 170.0749223865198,
  "reason_codes": [
    "BENCHMARK_GUARDRAIL_OK",
    "LONG_BASELINE_SUPPORT",
    "REBRIGHTENING_OR_RETURN"
  ],
  "systematic_risk": 0.11332856301378136,
  "unresolved_variability_score": 0.6722992005087565
}
