{
  "branch_class": "INTERMEDIATE_BRANCH_LIKE",
  "branch_confidence": "LOW",
  "branch_rank": 366,
  "branch_rank_score": 0.522117549125495,
  "cluster_id": "MESSIER_061_branch_0288",
  "dec_deg": 4.471925936320363,
  "dust_survivor_score": 0.07500000000000001,
  "export_failure_score": 0.624307600307111,
  "galaxy_name": "MESSIER 061",
  "partial_branch_score": 0.69751606231112,
  "ra_deg": 185.47630751263566,
  "reason_codes": [
    "BENCHMARK_GUARDRAIL_OK",
    "FORCED_COHERENCE_STRONG",
    "LONG_BASELINE_SUPPORT",
    "PARTIAL_SUPPRESSION_PATTERN"
  ],
  "systematic_risk": 0.13658464761815708,
  "unresolved_variability_score": 0.2980601769124343
}
