{
  "branch_class": "VARIABLE_OR_UNRESOLVED",
  "branch_confidence": "HIGH",
  "branch_rank": 788,
  "branch_rank_score": 0.33537997862636537,
  "cluster_id": "MESSIER_066_branch_0097",
  "dec_deg": 12.985595425330507,
  "dust_survivor_score": 0.27,
  "export_failure_score": 0.37553726388935377,
  "galaxy_name": "MESSIER 066",
  "partial_branch_score": 0.3510191280462553,
  "ra_deg": 170.05506217242703,
  "reason_codes": [
    "BENCHMARK_GUARDRAIL_OK",
    "LONG_BASELINE_SUPPORT",
    "REBRIGHTENING_OR_RETURN"
  ],
  "systematic_risk": 0.13675460989582355,
  "unresolved_variability_score": 0.7493240255905563
}
