{
  "branch_class": "VARIABLE_OR_UNRESOLVED",
  "branch_confidence": "HIGH",
  "branch_rank": 840,
  "branch_rank_score": 0.2780925649102403,
  "cluster_id": "MESSIER_061_branch_0255",
  "dec_deg": 4.4771466891803655,
  "dust_survivor_score": 0.28,
  "export_failure_score": 0.3444290395895526,
  "galaxy_name": "MESSIER 061",
  "partial_branch_score": 0.309871819725867,
  "ra_deg": 185.47682796452276,
  "reason_codes": [
    "BENCHMARK_GUARDRAIL_OK",
    "LONG_BASELINE_SUPPORT",
    "REBRIGHTENING_OR_RETURN"
  ],
  "systematic_risk": 0.16759471222253902,
  "unresolved_variability_score": 0.7456757887271774
}
