{
  "branch_class": "VARIABLE_OR_UNRESOLVED",
  "branch_confidence": "MEDIUM",
  "branch_rank": 900,
  "branch_rank_score": 0.08178933024347199,
  "cluster_id": "MESSIER_061_branch_0166",
  "dec_deg": 4.470590660548137,
  "dust_survivor_score": 0.35000000000000003,
  "export_failure_score": 0.22219088831515862,
  "galaxy_name": "MESSIER 061",
  "partial_branch_score": 0.15816324718475816,
  "ra_deg": 185.47536039541475,
  "reason_codes": [
    "BENCHMARK_GUARDRAIL_OK",
    "LONG_BASELINE_SUPPORT",
    "MULTI_PAIR_LOCALIZATION",
    "REBRIGHTENING_OR_RETURN"
  ],
  "systematic_risk": 0.19762882170318793,
  "unresolved_variability_score": 0.8868701045706937
}
