{
  "branch_class": "STRONG_EXPORT_FAILURE_LIKE",
  "branch_confidence": "LOW",
  "branch_rank": 429,
  "branch_rank_score": 0.4564918113039617,
  "cluster_id": "MESSIER_066_branch_0072",
  "dec_deg": 12.997904528432551,
  "dust_survivor_score": 0.1,
  "export_failure_score": 0.5793522165410997,
  "galaxy_name": "MESSIER 066",
  "partial_branch_score": 0.5264419339819798,
  "ra_deg": 170.04791532481684,
  "reason_codes": [
    "BENCHMARK_GUARDRAIL_OK",
    "LONG_BASELINE_SUPPORT"
  ],
  "systematic_risk": 0.11402724126607272,
  "unresolved_variability_score": 0.36968062282000136
}
