{
  "branch_class": "STRONG_EXPORT_FAILURE_LIKE",
  "branch_confidence": "LOW",
  "branch_rank": 618,
  "branch_rank_score": 0.429964635529034,
  "cluster_id": "MESSIER_066_branch_0022",
  "dec_deg": 12.97487544947007,
  "dust_survivor_score": 0.525,
  "export_failure_score": 0.5457597042779274,
  "galaxy_name": "MESSIER 066",
  "partial_branch_score": 0.38721743355932037,
  "ra_deg": 170.05036695039612,
  "reason_codes": [
    "BENCHMARK_GUARDRAIL_OK",
    "LONG_BASELINE_SUPPORT",
    "REBRIGHTENING_OR_RETURN"
  ],
  "systematic_risk": 0.10000565128490416,
  "unresolved_variability_score": 0.4779885037404178
}
