{
  "branch_class": "STRONG_EXPORT_FAILURE_LIKE",
  "branch_confidence": "MEDIUM",
  "branch_rank": 566,
  "branch_rank_score": 0.4491100708202815,
  "cluster_id": "MESSIER_066_branch_0084",
  "dec_deg": 12.986027480823287,
  "dust_survivor_score": 0.41,
  "export_failure_score": 0.5424721255472587,
  "galaxy_name": "MESSIER 066",
  "partial_branch_score": 0.37781797020987806,
  "ra_deg": 170.07326511414266,
  "reason_codes": [
    "BENCHMARK_GUARDRAIL_OK",
    "LONG_BASELINE_SUPPORT"
  ],
  "systematic_risk": 0.11783974226918996,
  "unresolved_variability_score": 0.4224666528677522
}
