{
  "branch_class": "DUST_SURVIVOR_LIKE",
  "branch_confidence": "MEDIUM",
  "branch_rank": 839,
  "branch_rank_score": 0.2737828459956613,
  "cluster_id": "MESSIER_066_branch_0178",
  "dec_deg": 13.004445461887416,
  "dust_survivor_score": 0.5850000000000001,
  "export_failure_score": 0.40183115763127475,
  "galaxy_name": "MESSIER 066",
  "partial_branch_score": 0.4544730089867262,
  "ra_deg": 170.06875094036698,
  "reason_codes": [
    "BENCHMARK_GUARDRAIL_OK",
    "DUST_COMPETITOR_PRESENT",
    "LONG_BASELINE_SUPPORT",
    "REBRIGHTENING_OR_RETURN"
  ],
  "systematic_risk": 0.12121605776223175,
  "unresolved_variability_score": 0.6740910172560735
}
