{
  "branch_class": "VARIABLE_OR_UNRESOLVED",
  "branch_confidence": "HIGH",
  "branch_rank": 819,
  "branch_rank_score": 0.3019457228940404,
  "cluster_id": "MESSIER_061_branch_0134",
  "dec_deg": 4.483000061112505,
  "dust_survivor_score": 0.16000000000000003,
  "export_failure_score": 0.3890385208048365,
  "galaxy_name": "MESSIER 061",
  "partial_branch_score": 0.29257518009835093,
  "ra_deg": 185.47950136119087,
  "reason_codes": [
    "BENCHMARK_GUARDRAIL_OK",
    "LONG_BASELINE_SUPPORT",
    "MULTI_PAIR_LOCALIZATION",
    "REBRIGHTENING_OR_RETURN"
  ],
  "systematic_risk": 0.2731163342455472,
  "unresolved_variability_score": 0.6740217603989599
}
