{
  "branch_class": "VARIABLE_OR_UNRESOLVED",
  "branch_confidence": "MEDIUM",
  "branch_rank": 517,
  "branch_rank_score": 0.47873940882149096,
  "cluster_id": "MESSIER_066_branch_0167",
  "dec_deg": 12.984494255288848,
  "dust_survivor_score": 0.1,
  "export_failure_score": 0.49506454418094237,
  "galaxy_name": "MESSIER 066",
  "partial_branch_score": 0.42057240178953104,
  "ra_deg": 170.06668855239243,
  "reason_codes": [
    "BENCHMARK_GUARDRAIL_OK",
    "LONG_BASELINE_SUPPORT",
    "REBRIGHTENING_OR_RETURN"
  ],
  "systematic_risk": 0.14116642767584156,
  "unresolved_variability_score": 0.5772707518472806
}
