{
  "branch_class": "INTERMEDIATE_BRANCH_LIKE",
  "branch_confidence": "LOW",
  "branch_rank": 497,
  "branch_rank_score": 0.4865356993724687,
  "cluster_id": "MESSIER_061_branch_0371",
  "dec_deg": 4.471745955397034,
  "dust_survivor_score": 0.21000000000000002,
  "export_failure_score": 0.4680061404422637,
  "galaxy_name": "MESSIER 061",
  "partial_branch_score": 0.4998290527759553,
  "ra_deg": 185.4781857639724,
  "reason_codes": [
    "BENCHMARK_GUARDRAIL_OK",
    "COVERAGE_LIMITED",
    "LONG_BASELINE_SUPPORT"
  ],
  "systematic_risk": 0.153794145123177,
  "unresolved_variability_score": 0.49725722299779107
}
