{
  "branch_class": "VARIABLE_OR_UNRESOLVED",
  "branch_confidence": "HIGH",
  "branch_rank": 550,
  "branch_rank_score": 0.45735370376719753,
  "cluster_id": "MESSIER_066_branch_0109",
  "dec_deg": 12.990440125330924,
  "dust_survivor_score": 0.24,
  "export_failure_score": 0.4610989776851221,
  "galaxy_name": "MESSIER 066",
  "partial_branch_score": 0.4284053548002698,
  "ra_deg": 170.06462992485632,
  "reason_codes": [
    "BENCHMARK_GUARDRAIL_OK",
    "LONG_BASELINE_SUPPORT",
    "REBRIGHTENING_OR_RETURN"
  ],
  "systematic_risk": 0.10832011511115452,
  "unresolved_variability_score": 0.6341935947502454
}
