{
  "branch_class": "VARIABLE_OR_UNRESOLVED",
  "branch_confidence": "HIGH",
  "branch_rank": 522,
  "branch_rank_score": 0.4737157745292349,
  "cluster_id": "MESSIER_066_branch_0105",
  "dec_deg": 12.996339476952189,
  "dust_survivor_score": 0.16000000000000003,
  "export_failure_score": 0.46194820405811626,
  "galaxy_name": "MESSIER 066",
  "partial_branch_score": 0.42038823525445707,
  "ra_deg": 170.0590174535724,
  "reason_codes": [
    "BENCHMARK_GUARDRAIL_OK",
    "LONG_BASELINE_SUPPORT",
    "REBRIGHTENING_OR_RETURN"
  ],
  "systematic_risk": 0.11749286535525699,
  "unresolved_variability_score": 0.7054901174612277
}
