{
  "branch_class": "VARIABLE_OR_UNRESOLVED",
  "branch_confidence": "HIGH",
  "branch_rank": 577,
  "branch_rank_score": 0.43444574819900833,
  "cluster_id": "MESSIER_066_branch_0112",
  "dec_deg": 12.997220494448644,
  "dust_survivor_score": 0.26,
  "export_failure_score": 0.4709615368823261,
  "galaxy_name": "MESSIER 066",
  "partial_branch_score": 0.4555737313239923,
  "ra_deg": 170.0696267828857,
  "reason_codes": [
    "BENCHMARK_GUARDRAIL_OK",
    "LONG_BASELINE_SUPPORT",
    "REBRIGHTENING_OR_RETURN"
  ],
  "systematic_risk": 0.11897093583497587,
  "unresolved_variability_score": 0.6727460908325109
}
