{
  "branch_class": "VARIABLE_OR_UNRESOLVED",
  "branch_confidence": "LOW",
  "branch_rank": 272,
  "branch_rank_score": 0.5834616736852898,
  "cluster_id": "MESSIER_061_branch_0103",
  "dec_deg": 4.476593432097465,
  "dust_survivor_score": 0.17333333333333334,
  "export_failure_score": 0.5208585987141644,
  "galaxy_name": "MESSIER 061",
  "partial_branch_score": 0.46823865119894414,
  "ra_deg": 185.47640636241883,
  "reason_codes": [
    "BENCHMARK_GUARDRAIL_OK",
    "LONG_BASELINE_SUPPORT",
    "MIR_FADE_SUPPORT",
    "MULTI_PAIR_LOCALIZATION",
    "REBRIGHTENING_OR_RETURN"
  ],
  "systematic_risk": 0.151492298869506,
  "unresolved_variability_score": 0.4823520377021384
}
