{
  "branch_class": "INTERMEDIATE_BRANCH_LIKE",
  "branch_confidence": "LOW",
  "branch_rank": 489,
  "branch_rank_score": 0.4959418139785341,
  "cluster_id": "MESSIER_066_branch_0080",
  "dec_deg": 12.994301409290992,
  "dust_survivor_score": 0.465,
  "export_failure_score": 0.5550385644489886,
  "galaxy_name": "MESSIER 066",
  "partial_branch_score": 0.5485960156155173,
  "ra_deg": 170.04537861552998,
  "reason_codes": [
    "BENCHMARK_GUARDRAIL_OK",
    "LONG_BASELINE_SUPPORT"
  ],
  "systematic_risk": 0.10312809515093749,
  "unresolved_variability_score": 0.3999680106272825
}
