{
  "branch_class": "INTERMEDIATE_BRANCH_LIKE",
  "branch_confidence": "LOW",
  "branch_rank": 395,
  "branch_rank_score": 0.5614058308895553,
  "cluster_id": "MESSIER_061_branch_0003",
  "dec_deg": 4.480482770794292,
  "dust_survivor_score": 0.16,
  "export_failure_score": 0.5401580493382397,
  "galaxy_name": "MESSIER 061",
  "partial_branch_score": 0.5263655289517811,
  "ra_deg": 185.48098412327985,
  "reason_codes": [
    "BENCHMARK_GUARDRAIL_OK",
    "LONG_BASELINE_SUPPORT",
    "MULTI_PAIR_LOCALIZATION"
  ],
  "systematic_risk": 0.17891032695385464,
  "unresolved_variability_score": 0.4381662690204119
}
