{
  "branch_class": "VARIABLE_OR_UNRESOLVED",
  "branch_confidence": "HIGH",
  "branch_rank": 707,
  "branch_rank_score": 0.36467699604386267,
  "cluster_id": "MESSIER_061_branch_0301",
  "dec_deg": 4.478932050726622,
  "dust_survivor_score": 0.18700000000000003,
  "export_failure_score": 0.4312424442785198,
  "galaxy_name": "MESSIER 061",
  "partial_branch_score": 0.3656172004541074,
  "ra_deg": 185.47992552552282,
  "reason_codes": [
    "BENCHMARK_GUARDRAIL_OK",
    "LONG_BASELINE_SUPPORT",
    "REBRIGHTENING_OR_RETURN"
  ],
  "systematic_risk": 0.15557817406152924,
  "unresolved_variability_score": 0.5974903309445446
}
