{
  "branch_class": "STRONG_EXPORT_FAILURE_LIKE",
  "branch_confidence": "LOW",
  "branch_rank": 737,
  "branch_rank_score": 0.3503740027843951,
  "cluster_id": "MESSIER_066_branch_0083",
  "dec_deg": 12.994259909052943,
  "dust_survivor_score": 0.505,
  "export_failure_score": 0.5205437184146665,
  "galaxy_name": "MESSIER 066",
  "partial_branch_score": 0.34712754282699465,
  "ra_deg": 170.05814422164318,
  "reason_codes": [
    "BENCHMARK_GUARDRAIL_OK",
    "LONG_BASELINE_SUPPORT",
    "PERSISTENT_FADE_SUPPORT"
  ],
  "systematic_risk": 0.12059306578032357,
  "unresolved_variability_score": 0.45802446430457966
}
