{
  "branch_class": "VARIABLE_OR_UNRESOLVED",
  "branch_confidence": "HIGH",
  "branch_rank": 553,
  "branch_rank_score": 0.4563851884452165,
  "cluster_id": "MESSIER_066_branch_0087",
  "dec_deg": 13.001088541930685,
  "dust_survivor_score": 0.16000000000000003,
  "export_failure_score": 0.4496901808478101,
  "galaxy_name": "MESSIER 066",
  "partial_branch_score": 0.4009898876036678,
  "ra_deg": 170.04506426811705,
  "reason_codes": [
    "BENCHMARK_GUARDRAIL_OK",
    "LONG_BASELINE_SUPPORT",
    "REBRIGHTENING_OR_RETURN"
  ],
  "systematic_risk": 0.1143534992606218,
  "unresolved_variability_score": 0.7251326691983133
}
