{
  "branch_class": "VARIABLE_OR_UNRESOLVED",
  "branch_confidence": "MEDIUM",
  "branch_rank": 478,
  "branch_rank_score": 0.412392449053838,
  "cluster_id": "MESSIER_066_branch_0139",
  "dec_deg": 13.001697351898517,
  "dust_survivor_score": 0.04,
  "export_failure_score": 0.5688383978473502,
  "galaxy_name": "MESSIER 066",
  "partial_branch_score": 0.36068355326005813,
  "ra_deg": 170.05888750642578,
  "reason_codes": [
    "BENCHMARK_GUARDRAIL_OK",
    "LONG_BASELINE_SUPPORT"
  ],
  "systematic_risk": 0.14647987275600216,
  "unresolved_variability_score": 0.4318614661222933
}
