{
  "branch_class": "VARIABLE_OR_UNRESOLVED",
  "branch_confidence": "HIGH",
  "branch_rank": 775,
  "branch_rank_score": 0.34402003098447664,
  "cluster_id": "MESSIER_066_branch_0125",
  "dec_deg": 12.993353178981076,
  "dust_survivor_score": 0.26,
  "export_failure_score": 0.37051137874416623,
  "galaxy_name": "MESSIER 066",
  "partial_branch_score": 0.3793028954037233,
  "ra_deg": 170.05228927367327,
  "reason_codes": [
    "BENCHMARK_GUARDRAIL_OK",
    "LONG_BASELINE_SUPPORT",
    "REBRIGHTENING_OR_RETURN"
  ],
  "systematic_risk": 0.1440975457949219,
  "unresolved_variability_score": 0.746819661398258
}
