{
  "branch_class": "DUST_SURVIVOR_LIKE",
  "branch_confidence": "MEDIUM",
  "branch_rank": 887,
  "branch_rank_score": 0.1833679845693159,
  "cluster_id": "MESSIER_066_branch_0190",
  "dec_deg": 12.988206796260352,
  "dust_survivor_score": 0.5850000000000001,
  "export_failure_score": 0.3866692181898569,
  "galaxy_name": "MESSIER 066",
  "partial_branch_score": 0.30415361219317827,
  "ra_deg": 170.07646563326145,
  "reason_codes": [
    "BENCHMARK_GUARDRAIL_OK",
    "DUST_COMPETITOR_PRESENT",
    "LONG_BASELINE_SUPPORT",
    "REBRIGHTENING_OR_RETURN"
  ],
  "systematic_risk": 0.1345263784740835,
  "unresolved_variability_score": 0.6710770807162881
}
