{
  "branch_class": "VARIABLE_OR_UNRESOLVED",
  "branch_confidence": "HIGH",
  "branch_rank": 723,
  "branch_rank_score": 0.35664711951216815,
  "cluster_id": "MESSIER_066_branch_0079",
  "dec_deg": 12.995688075932213,
  "dust_survivor_score": 0.16000000000000003,
  "export_failure_score": 0.4538242424561715,
  "galaxy_name": "MESSIER 066",
  "partial_branch_score": 0.27063081199719413,
  "ra_deg": 170.06198361912672,
  "reason_codes": [
    "BENCHMARK_GUARDRAIL_OK",
    "LONG_BASELINE_SUPPORT",
    "REBRIGHTENING_OR_RETURN"
  ],
  "systematic_risk": 0.13115669661285773,
  "unresolved_variability_score": 0.7021584114714537
}
