{
  "branch_class": "VARIABLE_OR_UNRESOLVED",
  "branch_confidence": "HIGH",
  "branch_rank": 852,
  "branch_rank_score": 0.26459916496051983,
  "cluster_id": "MESSIER_061_branch_0325",
  "dec_deg": 4.4724455545975585,
  "dust_survivor_score": 0.26,
  "export_failure_score": 0.3297765547541417,
  "galaxy_name": "MESSIER 061",
  "partial_branch_score": 0.30213717194953643,
  "ra_deg": 185.4759702612901,
  "reason_codes": [
    "BENCHMARK_GUARDRAIL_OK",
    "LONG_BASELINE_SUPPORT",
    "REBRIGHTENING_OR_RETURN"
  ],
  "systematic_risk": 0.17835988816747772,
  "unresolved_variability_score": 0.7305250523028319
}
