{
  "branch_class": "VARIABLE_OR_UNRESOLVED",
  "branch_confidence": "HIGH",
  "branch_rank": 677,
  "branch_rank_score": 0.40139405670148787,
  "cluster_id": "MESSIER_066_branch_0079",
  "dec_deg": 12.995688075932213,
  "dust_survivor_score": 0.16000000000000003,
  "export_failure_score": 0.4585745185709089,
  "galaxy_name": "MESSIER 066",
  "partial_branch_score": 0.27300595005456285,
  "ra_deg": 170.06198361912672,
  "reason_codes": [
    "BENCHMARK_GUARDRAIL_OK",
    "LONG_BASELINE_SUPPORT",
    "REBRIGHTENING_OR_RETURN"
  ],
  "systematic_risk": 0.1293753430698312,
  "unresolved_variability_score": 0.6997832734140851
}
