{
  "branch_class": "VARIABLE_OR_UNRESOLVED",
  "branch_confidence": "MEDIUM",
  "branch_rank": 700,
  "branch_rank_score": 0.29540106559830254,
  "cluster_id": "MESSIER_066_branch_0208",
  "dec_deg": 12.986326875550876,
  "dust_survivor_score": 0.17,
  "export_failure_score": 0.44820463454130677,
  "galaxy_name": "MESSIER 066",
  "partial_branch_score": 0.2758159167996443,
  "ra_deg": 170.06482629587262,
  "reason_codes": [
    "BENCHMARK_GUARDRAIL_OK",
    "LONG_BASELINE_SUPPORT",
    "REBRIGHTENING_OR_RETURN"
  ],
  "systematic_risk": 0.11461755710762064,
  "unresolved_variability_score": 0.7095272368371675
}
