{
  "branch_class": "VARIABLE_OR_UNRESOLVED",
  "branch_confidence": "MEDIUM",
  "branch_rank": 819,
  "branch_rank_score": 0.22770731578092834,
  "cluster_id": "MESSIER_066_branch_0224",
  "dec_deg": 12.99882761529477,
  "dust_survivor_score": 0.47250000000000003,
  "export_failure_score": 0.4017700242994683,
  "galaxy_name": "MESSIER 066",
  "partial_branch_score": 0.45113036201401807,
  "ra_deg": 170.07057029331918,
  "reason_codes": [
    "BENCHMARK_GUARDRAIL_OK",
    "LONG_BASELINE_SUPPORT",
    "REBRIGHTENING_OR_RETURN"
  ],
  "systematic_risk": 0.1297075021986548,
  "unresolved_variability_score": 0.6771894601424853
}
