{
  "branch_class": "VARIABLE_OR_UNRESOLVED",
  "branch_confidence": "HIGH",
  "branch_rank": 757,
  "branch_rank_score": 0.3570875419425848,
  "cluster_id": "MESSIER_061_branch_0148",
  "dec_deg": 4.475111772904759,
  "dust_survivor_score": 0.16999999999999998,
  "export_failure_score": 0.4081995971535779,
  "galaxy_name": "MESSIER 061",
  "partial_branch_score": 0.35508007414556797,
  "ra_deg": 185.47557938911507,
  "reason_codes": [
    "BENCHMARK_GUARDRAIL_OK",
    "LONG_BASELINE_SUPPORT",
    "MULTI_PAIR_LOCALIZATION",
    "REBRIGHTENING_OR_RETURN"
  ],
  "systematic_risk": 0.23219421287792655,
  "unresolved_variability_score": 0.6016334882745777
}
