{
  "branch_class": "VARIABLE_OR_UNRESOLVED",
  "branch_confidence": "MEDIUM",
  "branch_rank": 838,
  "branch_rank_score": 0.28127516879215164,
  "cluster_id": "MESSIER_061_branch_0401",
  "dec_deg": 4.480136899833271,
  "dust_survivor_score": 0.17500000000000002,
  "export_failure_score": 0.3891033599523971,
  "galaxy_name": "MESSIER 061",
  "partial_branch_score": 0.29546512495652083,
  "ra_deg": 185.48051584075557,
  "reason_codes": [
    "BENCHMARK_GUARDRAIL_OK",
    "LONG_BASELINE_SUPPORT",
    "MIR_FADE_SUPPORT",
    "REBRIGHTENING_OR_RETURN"
  ],
  "systematic_risk": 0.3221496348797417,
  "unresolved_variability_score": 0.5277163782983363
}
