{
  "branch_class": "VARIABLE_OR_UNRESOLVED",
  "branch_confidence": "HIGH",
  "branch_rank": 617,
  "branch_rank_score": 0.43014002094733017,
  "cluster_id": "MESSIER_066_branch_0090",
  "dec_deg": 12.993806957569243,
  "dust_survivor_score": 0.26,
  "export_failure_score": 0.4350568054854693,
  "galaxy_name": "MESSIER 066",
  "partial_branch_score": 0.42557746249894823,
  "ra_deg": 170.06118239275187,
  "reason_codes": [
    "BENCHMARK_GUARDRAIL_OK",
    "LONG_BASELINE_SUPPORT",
    "REBRIGHTENING_OR_RETURN"
  ],
  "systematic_risk": 0.1065109658176659,
  "unresolved_variability_score": 0.700545094303033
}
