{
  "branch_class": "VARIABLE_OR_UNRESOLVED",
  "branch_confidence": "HIGH",
  "branch_rank": 536,
  "branch_rank_score": 0.46421535845775747,
  "cluster_id": "MESSIER_066_branch_0103",
  "dec_deg": 12.995436656301063,
  "dust_survivor_score": 0.16000000000000003,
  "export_failure_score": 0.45495957469696413,
  "galaxy_name": "MESSIER 066",
  "partial_branch_score": 0.4059584312284088,
  "ra_deg": 170.0696529433852,
  "reason_codes": [
    "BENCHMARK_GUARDRAIL_OK",
    "LONG_BASELINE_SUPPORT",
    "REBRIGHTENING_OR_RETURN"
  ],
  "systematic_risk": 0.11053488783507395,
  "unresolved_variability_score": 0.7201641255735725
}
