{
  "branch_class": "INTERMEDIATE_BRANCH_LIKE",
  "branch_confidence": "LOW",
  "branch_rank": 401,
  "branch_rank_score": 0.5586136410957784,
  "cluster_id": "MESSIER_066_branch_0229",
  "dec_deg": 12.994837691786715,
  "dust_survivor_score": 0.2525,
  "export_failure_score": 0.5533510514558483,
  "galaxy_name": "MESSIER 066",
  "partial_branch_score": 0.5300503082610427,
  "ra_deg": 170.07364440939875,
  "reason_codes": [
    "BENCHMARK_GUARDRAIL_OK",
    "LONG_BASELINE_SUPPORT"
  ],
  "systematic_risk": 0.14849008028583022,
  "unresolved_variability_score": 0.41851371798175707
}
