{
  "branch_class": "VARIABLE_OR_UNRESOLVED",
  "branch_confidence": "LOW",
  "branch_rank": 208,
  "branch_rank_score": 0.5976437110645229,
  "cluster_id": "MESSIER_061_branch_0080",
  "dec_deg": 4.467710170268427,
  "dust_survivor_score": 0.17333333333333334,
  "export_failure_score": 0.5203271288989783,
  "galaxy_name": "MESSIER 061",
  "partial_branch_score": 0.45746137599668363,
  "ra_deg": 185.47230039655273,
  "reason_codes": [
    "BENCHMARK_GUARDRAIL_OK",
    "LONG_BASELINE_SUPPORT",
    "MULTI_PAIR_LOCALIZATION",
    "REBRIGHTENING_OR_RETURN"
  ],
  "systematic_risk": 0.23363782065522487,
  "unresolved_variability_score": 0.43487985112977734
}
