{
  "branch_class": "VARIABLE_OR_UNRESOLVED",
  "branch_confidence": "HIGH",
  "branch_rank": 621,
  "branch_rank_score": 0.40775247421282984,
  "cluster_id": "MESSIER_066_branch_0026",
  "dec_deg": 12.992457606306173,
  "dust_survivor_score": 0.16000000000000003,
  "export_failure_score": 0.4938528035219151,
  "galaxy_name": "MESSIER 066",
  "partial_branch_score": 0.2739522272803303,
  "ra_deg": 170.07462050579022,
  "reason_codes": [
    "BENCHMARK_GUARDRAIL_OK",
    "LONG_BASELINE_SUPPORT",
    "REBRIGHTENING_OR_RETURN"
  ],
  "systematic_risk": 0.0937541969035387,
  "unresolved_variability_score": 0.6985927921020211
}
