{
  "branch_class": "DUST_SURVIVOR_LIKE",
  "branch_confidence": "MEDIUM",
  "branch_rank": 776,
  "branch_rank_score": 0.34255096613867025,
  "cluster_id": "MESSIER_066_branch_0064",
  "dec_deg": 13.002514055941408,
  "dust_survivor_score": 0.5850000000000001,
  "export_failure_score": 0.4234686426056754,
  "galaxy_name": "MESSIER 066",
  "partial_branch_score": 0.4530955961305111,
  "ra_deg": 170.04697131936553,
  "reason_codes": [
    "BENCHMARK_GUARDRAIL_OK",
    "DUST_COMPETITOR_PRESENT",
    "LONG_BASELINE_SUPPORT",
    "REBRIGHTENING_OR_RETURN"
  ],
  "systematic_risk": 0.10324635506456384,
  "unresolved_variability_score": 0.6754684301122886
}
