{
  "branch_class": "VARIABLE_OR_UNRESOLVED",
  "branch_confidence": "LOW",
  "branch_rank": 582,
  "branch_rank_score": 0.35651939008076583,
  "cluster_id": "MESSIER_066_branch_0095",
  "dec_deg": 12.997010281700586,
  "dust_survivor_score": 0.465,
  "export_failure_score": 0.5401540379226829,
  "galaxy_name": "MESSIER 066",
  "partial_branch_score": 0.5429225057498274,
  "ra_deg": 170.04876162108073,
  "reason_codes": [
    "BENCHMARK_GUARDRAIL_OK",
    "LONG_BASELINE_SUPPORT"
  ],
  "systematic_risk": 0.11114973511944165,
  "unresolved_variability_score": 0.4056415204929724
}
