{
  "branch_class": "VARIABLE_OR_UNRESOLVED",
  "branch_confidence": "HIGH",
  "branch_rank": 697,
  "branch_rank_score": 0.36978423388499637,
  "cluster_id": "MESSIER_066_branch_0010",
  "dec_deg": 13.001202389579262,
  "dust_survivor_score": 0.16000000000000003,
  "export_failure_score": 0.4242902010580938,
  "galaxy_name": "MESSIER 066",
  "partial_branch_score": 0.39903033529000737,
  "ra_deg": 170.05575896094527,
  "reason_codes": [
    "BENCHMARK_GUARDRAIL_OK",
    "LONG_BASELINE_SUPPORT",
    "REBRIGHTENING_OR_RETURN"
  ],
  "systematic_risk": 0.18893399920281845,
  "unresolved_variability_score": 0.7174477407867651
}
