{
  "branch_class": "VARIABLE_OR_UNRESOLVED",
  "branch_confidence": "HIGH",
  "branch_rank": 766,
  "branch_rank_score": 0.3325484576238353,
  "cluster_id": "MESSIER_061_branch_0302",
  "dec_deg": 4.47481360399581,
  "dust_survivor_score": 0.23000000000000004,
  "export_failure_score": 0.3964822045978148,
  "galaxy_name": "MESSIER 061",
  "partial_branch_score": 0.3895760921066198,
  "ra_deg": 185.47708546904525,
  "reason_codes": [
    "BENCHMARK_GUARDRAIL_OK",
    "LONG_BASELINE_SUPPORT",
    "REBRIGHTENING_OR_RETURN"
  ],
  "systematic_risk": 0.15615978602547995,
  "unresolved_variability_score": 0.6613619651429268
}
