{
  "branch_class": "VARIABLE_OR_UNRESOLVED",
  "branch_confidence": "HIGH",
  "branch_rank": 556,
  "branch_rank_score": 0.4543799590725209,
  "cluster_id": "MESSIER_066_branch_0031",
  "dec_deg": 12.986263396670541,
  "dust_survivor_score": 0.17,
  "export_failure_score": 0.49882809456715216,
  "galaxy_name": "MESSIER 066",
  "partial_branch_score": 0.29499294903632395,
  "ra_deg": 170.06061236013932,
  "reason_codes": [
    "BENCHMARK_GUARDRAIL_OK",
    "LONG_BASELINE_SUPPORT",
    "REBRIGHTENING_OR_RETURN"
  ],
  "systematic_risk": 0.09175108495258069,
  "unresolved_variability_score": 0.6903502046004877
}
