{
  "branch_class": "STRONG_EXPORT_FAILURE_LIKE",
  "branch_confidence": "LOW",
  "branch_rank": 598,
  "branch_rank_score": 0.4371066938007249,
  "cluster_id": "MESSIER_066_branch_0024",
  "dec_deg": 12.988297227581992,
  "dust_survivor_score": 0.505,
  "export_failure_score": 0.5624050217283856,
  "galaxy_name": "MESSIER 066",
  "partial_branch_score": 0.3540308909747883,
  "ra_deg": 170.04543629668106,
  "reason_codes": [
    "BENCHMARK_GUARDRAIL_OK",
    "LONG_BASELINE_SUPPORT",
    "PERSISTENT_FADE_SUPPORT"
  ],
  "systematic_risk": 0.09228672084549089,
  "unresolved_variability_score": 0.45112111615678596
}
