{
  "branch_class": "INTERMEDIATE_BRANCH_LIKE",
  "branch_confidence": "LOW",
  "branch_rank": 406,
  "branch_rank_score": 0.5555137122554956,
  "cluster_id": "MESSIER_061_branch_0136",
  "dec_deg": 4.463843300561625,
  "dust_survivor_score": 0.16,
  "export_failure_score": 0.5223682539432408,
  "galaxy_name": "MESSIER 061",
  "partial_branch_score": 0.5178394286486362,
  "ra_deg": 185.47422887807832,
  "reason_codes": [
    "BENCHMARK_GUARDRAIL_OK",
    "LONG_BASELINE_SUPPORT",
    "MULTI_PAIR_LOCALIZATION"
  ],
  "systematic_risk": 0.14521120905366608,
  "unresolved_variability_score": 0.46360263776209965
}
