{
  "branch_class": "VARIABLE_OR_UNRESOLVED",
  "branch_confidence": "HIGH",
  "branch_rank": 730,
  "branch_rank_score": 0.37158251651084107,
  "cluster_id": "MESSIER_066_branch_0235",
  "dec_deg": 12.99271952793117,
  "dust_survivor_score": 0.26,
  "export_failure_score": 0.44599995732588454,
  "galaxy_name": "MESSIER 066",
  "partial_branch_score": 0.3130717776506614,
  "ra_deg": 170.06912005280589,
  "reason_codes": [
    "BENCHMARK_GUARDRAIL_OK",
    "LONG_BASELINE_SUPPORT",
    "REBRIGHTENING_OR_RETURN"
  ],
  "systematic_risk": 0.1548643460740265,
  "unresolved_variability_score": 0.6619147111725086
}
