{
  "branch_class": "VARIABLE_OR_UNRESOLVED",
  "branch_confidence": "HIGH",
  "branch_rank": 866,
  "branch_rank_score": 0.23294247673967283,
  "cluster_id": "MESSIER_061_branch_0362",
  "dec_deg": 4.47765720962504,
  "dust_survivor_score": 0.17600000000000002,
  "export_failure_score": 0.3058565155838504,
  "galaxy_name": "MESSIER 061",
  "partial_branch_score": 0.289311615807915,
  "ra_deg": 185.4763083814701,
  "reason_codes": [
    "BENCHMARK_GUARDRAIL_OK",
    "LONG_BASELINE_SUPPORT",
    "REBRIGHTENING_OR_RETURN"
  ],
  "systematic_risk": 0.26219300262436684,
  "unresolved_variability_score": 0.7731630556341843
}
