{
  "branch_class": "VARIABLE_OR_UNRESOLVED",
  "branch_confidence": "HIGH",
  "branch_rank": 583,
  "branch_rank_score": 0.4319482048980957,
  "cluster_id": "MESSIER_066_branch_0163",
  "dec_deg": 12.98016333993386,
  "dust_survivor_score": 0.18000000000000002,
  "export_failure_score": 0.4735853565050882,
  "galaxy_name": "MESSIER 066",
  "partial_branch_score": 0.3838212272788079,
  "ra_deg": 170.06622772464064,
  "reason_codes": [
    "BENCHMARK_GUARDRAIL_OK",
    "LONG_BASELINE_SUPPORT",
    "REBRIGHTENING_OR_RETURN"
  ],
  "systematic_risk": 0.10569977623194934,
  "unresolved_variability_score": 0.6807713841930253
}
