{
  "branch_class": "VARIABLE_OR_UNRESOLVED",
  "branch_confidence": "LOW",
  "branch_rank": 760,
  "branch_rank_score": 0.3556416418747162,
  "cluster_id": "MESSIER_061_branch_0208",
  "dec_deg": 4.465494020885939,
  "dust_survivor_score": 0.29000000000000004,
  "export_failure_score": 0.3621558157411251,
  "galaxy_name": "MESSIER 061",
  "partial_branch_score": 0.4525139463030998,
  "ra_deg": 185.47476256738148,
  "reason_codes": [
    "BENCHMARK_GUARDRAIL_OK",
    "COVERAGE_LIMITED",
    "LONG_BASELINE_SUPPORT",
    "REBRIGHTENING_OR_RETURN"
  ],
  "systematic_risk": 0.1596160043181732,
  "unresolved_variability_score": 0.7071678311448324
}
