{
  "branch_class": "VARIABLE_OR_UNRESOLVED",
  "branch_confidence": "MEDIUM",
  "branch_rank": 506,
  "branch_rank_score": 0.39441649066563844,
  "cluster_id": "MESSIER_066_branch_0056",
  "dec_deg": 12.99844394814686,
  "dust_survivor_score": 0.12,
  "export_failure_score": 0.5192459634706376,
  "galaxy_name": "MESSIER 066",
  "partial_branch_score": 0.46386297017640943,
  "ra_deg": 170.0515213519619,
  "reason_codes": [
    "BENCHMARK_GUARDRAIL_OK",
    "LONG_BASELINE_SUPPORT",
    "REBRIGHTENING_OR_RETURN"
  ],
  "systematic_risk": 0.11058484481328061,
  "unresolved_variability_score": 0.6122595866255718
}
