{
  "branch_class": "VARIABLE_OR_UNRESOLVED",
  "branch_confidence": "MEDIUM",
  "branch_rank": 787,
  "branch_rank_score": 0.25246778905494005,
  "cluster_id": "MESSIER_061_branch_0347",
  "dec_deg": 4.478754761953453,
  "dust_survivor_score": 0.27,
  "export_failure_score": 0.3836868840491904,
  "galaxy_name": "MESSIER 061",
  "partial_branch_score": 0.3993545551909534,
  "ra_deg": 185.47724816714822,
  "reason_codes": [
    "BENCHMARK_GUARDRAIL_OK",
    "LONG_BASELINE_SUPPORT",
    "REBRIGHTENING_OR_RETURN"
  ],
  "systematic_risk": 0.17367470345407926,
  "unresolved_variability_score": 0.6756233845850834
}
