{
  "branch_class": "VARIABLE_OR_UNRESOLVED",
  "branch_confidence": "MEDIUM",
  "branch_rank": 649,
  "branch_rank_score": 0.3193106680900762,
  "cluster_id": "MESSIER_066_branch_0045",
  "dec_deg": 12.980512071803888,
  "dust_survivor_score": 0.17,
  "export_failure_score": 0.4482829564035883,
  "galaxy_name": "MESSIER 066",
  "partial_branch_score": 0.3655765354611023,
  "ra_deg": 170.06312568772867,
  "reason_codes": [
    "BENCHMARK_GUARDRAIL_OK",
    "LONG_BASELINE_SUPPORT",
    "REBRIGHTENING_OR_RETURN"
  ],
  "systematic_risk": 0.10974549135327144,
  "unresolved_variability_score": 0.7347666181757094
}
