{
  "branch_class": "VARIABLE_OR_UNRESOLVED",
  "branch_confidence": "LOW",
  "branch_rank": 487,
  "branch_rank_score": 0.40696944149844816,
  "cluster_id": "MESSIER_066_branch_0138",
  "dec_deg": 12.985060473229307,
  "dust_survivor_score": 0.1,
  "export_failure_score": 0.5263042569480396,
  "galaxy_name": "MESSIER 066",
  "partial_branch_score": 0.4443224334059551,
  "ra_deg": 170.0641015134094,
  "reason_codes": [
    "BENCHMARK_GUARDRAIL_OK",
    "LONG_BASELINE_SUPPORT",
    "REBRIGHTENING_OR_RETURN"
  ],
  "systematic_risk": 0.12436159390543142,
  "unresolved_variability_score": 0.5535207202308565
}
