{
  "branch_class": "VARIABLE_OR_UNRESOLVED",
  "branch_confidence": "LOW",
  "branch_rank": 614,
  "branch_rank_score": 0.4122098823384175,
  "cluster_id": "MESSIER_061_branch_0177",
  "dec_deg": 4.479729732315379,
  "dust_survivor_score": 0.19166666666666665,
  "export_failure_score": 0.5091577588268439,
  "galaxy_name": "MESSIER 061",
  "partial_branch_score": 0.31373430365814103,
  "ra_deg": 185.4790391333913,
  "reason_codes": [
    "BENCHMARK_GUARDRAIL_OK",
    "LONG_BASELINE_SUPPORT",
    "MIR_FADE_SUPPORT",
    "REBRIGHTENING_OR_RETURN"
  ],
  "systematic_risk": 0.14038337825065667,
  "unresolved_variability_score": 0.5209313123923051
}
