{
  "branch_class": "VARIABLE_OR_UNRESOLVED",
  "branch_confidence": "HIGH",
  "branch_rank": 613,
  "branch_rank_score": 0.43166668669904146,
  "cluster_id": "MESSIER_061_branch_0038",
  "dec_deg": 4.477355657378159,
  "dust_survivor_score": 0.21000000000000002,
  "export_failure_score": 0.4679479848692037,
  "galaxy_name": "MESSIER 061",
  "partial_branch_score": 0.3603049562250563,
  "ra_deg": 185.4775607940664,
  "reason_codes": [
    "BENCHMARK_GUARDRAIL_OK",
    "LONG_BASELINE_SUPPORT",
    "MULTI_PAIR_LOCALIZATION",
    "REBRIGHTENING_OR_RETURN"
  ],
  "systematic_risk": 0.13450225372893385,
  "unresolved_variability_score": 0.6345196594762942
}
