{
  "branch_class": "VARIABLE_OR_UNRESOLVED",
  "branch_confidence": "HIGH",
  "branch_rank": 645,
  "branch_rank_score": 0.4135462742925605,
  "cluster_id": "MESSIER_066_branch_0010",
  "dec_deg": 13.001202389579262,
  "dust_survivor_score": 0.16000000000000003,
  "export_failure_score": 0.42904047717283134,
  "galaxy_name": "MESSIER 066",
  "partial_branch_score": 0.4014054733473761,
  "ra_deg": 170.05575896094527,
  "reason_codes": [
    "BENCHMARK_GUARDRAIL_OK",
    "LONG_BASELINE_SUPPORT",
    "REBRIGHTENING_OR_RETURN"
  ],
  "systematic_risk": 0.18715264565979192,
  "unresolved_variability_score": 0.7150726027293964
}
