{
  "branch_class": "VARIABLE_OR_UNRESOLVED",
  "branch_confidence": "MEDIUM",
  "branch_rank": 540,
  "branch_rank_score": 0.3763836371055901,
  "cluster_id": "MESSIER_061_branch_0186",
  "dec_deg": 4.48220048619012,
  "dust_survivor_score": 0.13,
  "export_failure_score": 0.527764413190186,
  "galaxy_name": "MESSIER 061",
  "partial_branch_score": 0.4419327822851612,
  "ra_deg": 185.48194681969278,
  "reason_codes": [
    "BENCHMARK_GUARDRAIL_OK",
    "LONG_BASELINE_SUPPORT"
  ],
  "systematic_risk": 0.13676601900024027,
  "unresolved_variability_score": 0.429028841139069
}
