{
  "branch_class": "VARIABLE_OR_UNRESOLVED",
  "branch_confidence": "MEDIUM",
  "branch_rank": 540,
  "branch_rank_score": 0.46247564923382395,
  "cluster_id": "MESSIER_061_branch_0123",
  "dec_deg": 4.482776425549965,
  "dust_survivor_score": 0.15000000000000002,
  "export_failure_score": 0.46172785417728635,
  "galaxy_name": "MESSIER 061",
  "partial_branch_score": 0.4448211581547711,
  "ra_deg": 185.4798421343722,
  "reason_codes": [
    "BENCHMARK_GUARDRAIL_OK",
    "LONG_BASELINE_SUPPORT",
    "MULTI_PAIR_LOCALIZATION",
    "REBRIGHTENING_OR_RETURN"
  ],
  "systematic_risk": 0.18565149986204776,
  "unresolved_variability_score": 0.5446432550157448
}
