{
  "branch_class": "VARIABLE_OR_UNRESOLVED",
  "branch_confidence": "HIGH",
  "branch_rank": 861,
  "branch_rank_score": 0.2533220901217585,
  "cluster_id": "MESSIER_061_branch_0204",
  "dec_deg": 4.471817921617786,
  "dust_survivor_score": 0.30500000000000005,
  "export_failure_score": 0.33140074359096877,
  "galaxy_name": "MESSIER 061",
  "partial_branch_score": 0.31846427519594084,
  "ra_deg": 185.47559106445385,
  "reason_codes": [
    "BENCHMARK_GUARDRAIL_OK",
    "LONG_BASELINE_SUPPORT",
    "REBRIGHTENING_OR_RETURN"
  ],
  "systematic_risk": 0.1980345393833508,
  "unresolved_variability_score": 0.7370833332571036
}
