{
  "branch_class": "VARIABLE_OR_UNRESOLVED",
  "branch_confidence": "MEDIUM",
  "branch_rank": 796,
  "branch_rank_score": 0.24838596122134296,
  "cluster_id": "MESSIER_061_branch_0195",
  "dec_deg": 4.466024472699315,
  "dust_survivor_score": 0.255,
  "export_failure_score": 0.4179041242929348,
  "galaxy_name": "MESSIER 061",
  "partial_branch_score": 0.37022271120351885,
  "ra_deg": 185.47406978533363,
  "reason_codes": [
    "BENCHMARK_GUARDRAIL_OK",
    "LONG_BASELINE_SUPPORT",
    "REBRIGHTENING_OR_RETURN"
  ],
  "systematic_risk": 0.14039049584658136,
  "unresolved_variability_score": 0.6407389122207113
}
