{
  "branch_class": "VARIABLE_OR_UNRESOLVED",
  "branch_confidence": "HIGH",
  "branch_rank": 812,
  "branch_rank_score": 0.308777543638835,
  "cluster_id": "MESSIER_061_branch_0221",
  "dec_deg": 4.482758719208901,
  "dust_survivor_score": 0.23000000000000004,
  "export_failure_score": 0.36456526979906045,
  "galaxy_name": "MESSIER 061",
  "partial_branch_score": 0.31011527181311277,
  "ra_deg": 185.4788012080816,
  "reason_codes": [
    "BENCHMARK_GUARDRAIL_OK",
    "LONG_BASELINE_SUPPORT",
    "REBRIGHTENING_OR_RETURN"
  ],
  "systematic_risk": 0.16687787721834635,
  "unresolved_variability_score": 0.7454323366399318
}
