{
  "branch_class": "STRONG_EXPORT_FAILURE_LIKE",
  "branch_confidence": "HIGH",
  "branch_rank": 377,
  "branch_rank_score": 0.5877893047805339,
  "cluster_id": "NGC_4388_branch_0002",
  "dec_deg": 12.660796431366514,
  "dust_survivor_score": 0.016666666666666653,
  "export_failure_score": 0.6399240582432263,
  "galaxy_name": "NGC 4388",
  "partial_branch_score": 0.46020858733829006,
  "ra_deg": 186.44407749845837,
  "reason_codes": [
    "BENCHMARK_GUARDRAIL_OK",
    "FORCED_COHERENCE_STRONG",
    "LONG_BASELINE_SUPPORT",
    "MIR_FADE_SUPPORT",
    "PERSISTENT_FADE_SUPPORT",
    "REGISTRATION_WEAK"
  ],
  "systematic_risk": 0.3584516454659786,
  "unresolved_variability_score": 0.13760282275152957
}
