{
  "branch_class": "VARIABLE_OR_UNRESOLVED",
  "branch_confidence": "HIGH",
  "branch_rank": 855,
  "branch_rank_score": 0.26285691265148675,
  "cluster_id": "MESSIER_061_branch_0375",
  "dec_deg": 4.473752128346765,
  "dust_survivor_score": 0.22,
  "export_failure_score": 0.3471749473466391,
  "galaxy_name": "MESSIER 061",
  "partial_branch_score": 0.2458687734455254,
  "ra_deg": 185.4758443041737,
  "reason_codes": [
    "BENCHMARK_GUARDRAIL_OK",
    "LONG_BASELINE_SUPPORT",
    "REBRIGHTENING_OR_RETURN"
  ],
  "systematic_risk": 0.18416794717699353,
  "unresolved_variability_score": 0.6604166666666667
}
