{
  "branch_class": "VARIABLE_OR_UNRESOLVED",
  "branch_confidence": "HIGH",
  "branch_rank": 865,
  "branch_rank_score": 0.2402707523389173,
  "cluster_id": "MESSIER_061_branch_0184",
  "dec_deg": 4.464578180003409,
  "dust_survivor_score": 0.276,
  "export_failure_score": 0.32518064274719344,
  "galaxy_name": "MESSIER 061",
  "partial_branch_score": 0.3054996786820622,
  "ra_deg": 185.47071478872516,
  "reason_codes": [
    "BENCHMARK_GUARDRAIL_OK",
    "LONG_BASELINE_SUPPORT",
    "REBRIGHTENING_OR_RETURN"
  ],
  "systematic_risk": 0.22692667277848483,
  "unresolved_variability_score": 0.7569749927600371
}
