{
  "branch_class": "VARIABLE_OR_UNRESOLVED",
  "branch_confidence": "HIGH",
  "branch_rank": 567,
  "branch_rank_score": 0.4486680144951338,
  "cluster_id": "MESSIER_066_branch_0026",
  "dec_deg": 12.992457606306173,
  "dust_survivor_score": 0.16000000000000003,
  "export_failure_score": 0.4986030796366524,
  "galaxy_name": "MESSIER 066",
  "partial_branch_score": 0.276327365337699,
  "ra_deg": 170.07462050579022,
  "reason_codes": [
    "BENCHMARK_GUARDRAIL_OK",
    "LONG_BASELINE_SUPPORT",
    "REBRIGHTENING_OR_RETURN"
  ],
  "systematic_risk": 0.09197284336051217,
  "unresolved_variability_score": 0.6962176540446524
}
