{
  "branch_class": "STRONG_EXPORT_FAILURE_LIKE",
  "branch_confidence": "LOW",
  "branch_rank": 530,
  "branch_rank_score": 0.4686272506762114,
  "cluster_id": "MESSIER_066_branch_0166",
  "dec_deg": 12.998340457773601,
  "dust_survivor_score": 0.3925,
  "export_failure_score": 0.5317827912154837,
  "galaxy_name": "MESSIER 066",
  "partial_branch_score": 0.4973329340764573,
  "ra_deg": 170.0725712076387,
  "reason_codes": [
    "BENCHMARK_GUARDRAIL_OK",
    "LONG_BASELINE_SUPPORT"
  ],
  "systematic_risk": 0.11488590198797739,
  "unresolved_variability_score": 0.4611524063884503
}
