{
  "branch_class": "VARIABLE_OR_UNRESOLVED",
  "branch_confidence": "MEDIUM",
  "branch_rank": 866,
  "branch_rank_score": 0.22827714449051456,
  "cluster_id": "MESSIER_061_branch_0344",
  "dec_deg": 4.4904312084946705,
  "dust_survivor_score": 0.28,
  "export_failure_score": 0.3753465362269729,
  "galaxy_name": "MESSIER 061",
  "partial_branch_score": 0.2446493525049386,
  "ra_deg": 185.48317236708732,
  "reason_codes": [
    "BENCHMARK_GUARDRAIL_OK",
    "LONG_BASELINE_SUPPORT",
    "REBRIGHTENING_OR_RETURN"
  ],
  "systematic_risk": 0.1592571925086583,
  "unresolved_variability_score": 0.6513122709192916
}
