{
  "branch_class": "STRONG_EXPORT_FAILURE_LIKE",
  "branch_confidence": "LOW",
  "branch_rank": 444,
  "branch_rank_score": 0.5195606215908817,
  "cluster_id": "MESSIER_061_branch_0388",
  "dec_deg": 4.480634629240951,
  "dust_survivor_score": 0.065,
  "export_failure_score": 0.5140136182507499,
  "galaxy_name": "MESSIER 061",
  "partial_branch_score": 0.4867018195444776,
  "ra_deg": 185.48066382651226,
  "reason_codes": [
    "BENCHMARK_GUARDRAIL_OK",
    "LONG_BASELINE_SUPPORT",
    "MIR_FADE_SUPPORT"
  ],
  "systematic_risk": 0.2616607244670508,
  "unresolved_variability_score": 0.3898203352246263
}
