{
  "branch_class": "VARIABLE_OR_UNRESOLVED",
  "branch_confidence": "MEDIUM",
  "branch_rank": 743,
  "branch_rank_score": 0.27505250214991117,
  "cluster_id": "MESSIER_066_branch_0099",
  "dec_deg": 12.995049806888467,
  "dust_survivor_score": 0.26,
  "export_failure_score": 0.4185303389798962,
  "galaxy_name": "MESSIER 066",
  "partial_branch_score": 0.41122452707161483,
  "ra_deg": 170.04923687286552,
  "reason_codes": [
    "BENCHMARK_GUARDRAIL_OK",
    "LONG_BASELINE_SUPPORT",
    "REBRIGHTENING_OR_RETURN"
  ],
  "systematic_risk": 0.11066591902266293,
  "unresolved_variability_score": 0.7148980297303664
}
