{
  "branch_class": "VARIABLE_OR_UNRESOLVED",
  "branch_confidence": "HIGH",
  "branch_rank": 842,
  "branch_rank_score": 0.2768806659807371,
  "cluster_id": "MESSIER_061_branch_0228",
  "dec_deg": 4.471842049541126,
  "dust_survivor_score": 0.23000000000000004,
  "export_failure_score": 0.36636395089291746,
  "galaxy_name": "MESSIER 061",
  "partial_branch_score": 0.23397862796235633,
  "ra_deg": 185.47422268860532,
  "reason_codes": [
    "BENCHMARK_GUARDRAIL_OK",
    "LONG_BASELINE_SUPPORT",
    "REBRIGHTENING_OR_RETURN"
  ],
  "systematic_risk": 0.1658127607941548,
  "unresolved_variability_score": 0.7449023138240216
}
