{
  "branch_class": "DUST_SURVIVOR_LIKE",
  "branch_confidence": "MEDIUM",
  "branch_rank": 865,
  "branch_rank_score": 0.22868541964908604,
  "cluster_id": "MESSIER_066_branch_0098",
  "dec_deg": 12.997527924743132,
  "dust_survivor_score": 0.5850000000000001,
  "export_failure_score": 0.3735566683810818,
  "galaxy_name": "MESSIER 066",
  "partial_branch_score": 0.4246408375947996,
  "ra_deg": 170.06723664614097,
  "reason_codes": [
    "BENCHMARK_GUARDRAIL_OK",
    "DUST_COMPETITOR_PRESENT",
    "LONG_BASELINE_SUPPORT",
    "REBRIGHTENING_OR_RETURN"
  ],
  "systematic_risk": 0.1370052127951443,
  "unresolved_variability_score": 0.7039231886480002
}
