{
  "branch_class": "VARIABLE_OR_UNRESOLVED",
  "branch_confidence": "LOW",
  "branch_rank": 528,
  "branch_rank_score": 0.38197025610135554,
  "cluster_id": "MESSIER_066_branch_0267",
  "dec_deg": 12.991694214418969,
  "dust_survivor_score": 0.2,
  "export_failure_score": 0.513528852981037,
  "galaxy_name": "MESSIER 066",
  "partial_branch_score": 0.46029770625593613,
  "ra_deg": 170.06026281835406,
  "reason_codes": [
    "BENCHMARK_GUARDRAIL_OK",
    "LONG_BASELINE_SUPPORT",
    "REBRIGHTENING_OR_RETURN"
  ],
  "systematic_risk": 0.15118306781697477,
  "unresolved_variability_score": 0.519908231043802
}
