{
  "branch_class": "VARIABLE_OR_UNRESOLVED",
  "branch_confidence": "HIGH",
  "branch_rank": 742,
  "branch_rank_score": 0.363675682410573,
  "cluster_id": "MESSIER_061_branch_0338",
  "dec_deg": 4.480365657215375,
  "dust_survivor_score": 0.21000000000000002,
  "export_failure_score": 0.38418774667298666,
  "galaxy_name": "MESSIER 061",
  "partial_branch_score": 0.4020948617402267,
  "ra_deg": 185.47806740841506,
  "reason_codes": [
    "BENCHMARK_GUARDRAIL_OK",
    "LONG_BASELINE_SUPPORT",
    "REBRIGHTENING_OR_RETURN"
  ],
  "systematic_risk": 0.18701129120420068,
  "unresolved_variability_score": 0.6920174696454461
}
