{
  "branch_class": "VARIABLE_OR_UNRESOLVED",
  "branch_confidence": "LOW",
  "branch_rank": 533,
  "branch_rank_score": 0.37996039598812575,
  "cluster_id": "MESSIER_066_branch_0143",
  "dec_deg": 12.98971253668766,
  "dust_survivor_score": 0.1,
  "export_failure_score": 0.5001386140720794,
  "galaxy_name": "MESSIER 066",
  "partial_branch_score": 0.4200021614420503,
  "ra_deg": 170.05768920936495,
  "reason_codes": [
    "BENCHMARK_GUARDRAIL_OK",
    "LONG_BASELINE_SUPPORT",
    "REBRIGHTENING_OR_RETURN"
  ],
  "systematic_risk": 0.13186410433767048,
  "unresolved_variability_score": 0.5778409921947614
}
