{
  "branch_class": "VARIABLE_OR_UNRESOLVED",
  "branch_confidence": "MEDIUM",
  "branch_rank": 646,
  "branch_rank_score": 0.4124337217627212,
  "cluster_id": "MESSIER_066_branch_0236",
  "dec_deg": 12.995508080129364,
  "dust_survivor_score": 0.26,
  "export_failure_score": 0.47877398582009933,
  "galaxy_name": "MESSIER 066",
  "partial_branch_score": 0.3392305749448829,
  "ra_deg": 170.0582538605402,
  "reason_codes": [
    "BENCHMARK_GUARDRAIL_OK",
    "LONG_BASELINE_SUPPORT",
    "REBRIGHTENING_OR_RETURN"
  ],
  "systematic_risk": 0.14697142504801558,
  "unresolved_variability_score": 0.6360001179645836
}
