{
  "branch_class": "STRONG_EXPORT_FAILURE_LIKE",
  "branch_confidence": "MEDIUM",
  "branch_rank": 418,
  "branch_rank_score": 0.5415999388502651,
  "cluster_id": "MESSIER_061_branch_0137",
  "dec_deg": 4.481351513170092,
  "dust_survivor_score": 0.09833333333333333,
  "export_failure_score": 0.5600077538669325,
  "galaxy_name": "MESSIER 061",
  "partial_branch_score": 0.47555813975587774,
  "ra_deg": 185.47963063029715,
  "reason_codes": [
    "BENCHMARK_GUARDRAIL_OK",
    "FORCED_COHERENCE_STRONG",
    "LONG_BASELINE_SUPPORT",
    "MIR_FADE_SUPPORT",
    "REBRIGHTENING_OR_RETURN"
  ],
  "systematic_risk": 0.19357368104652106,
  "unresolved_variability_score": 0.43791888937791323
}
