{
  "branch_class": "VARIABLE_OR_UNRESOLVED",
  "branch_confidence": "HIGH",
  "branch_rank": 790,
  "branch_rank_score": 0.3136250685438617,
  "cluster_id": "MESSIER_061_branch_0361",
  "dec_deg": 4.4734805040325645,
  "dust_survivor_score": 0.25,
  "export_failure_score": 0.3934853201063627,
  "galaxy_name": "MESSIER 061",
  "partial_branch_score": 0.36427702808209017,
  "ra_deg": 185.47662530112274,
  "reason_codes": [
    "BENCHMARK_GUARDRAIL_OK",
    "LONG_BASELINE_SUPPORT",
    "REBRIGHTENING_OR_RETURN"
  ],
  "systematic_risk": 0.15131349100496144,
  "unresolved_variability_score": 0.6094509116939466
}
