{
  "branch_class": "VARIABLE_OR_UNRESOLVED",
  "branch_confidence": "HIGH",
  "branch_rank": 728,
  "branch_rank_score": 0.37379212061753164,
  "cluster_id": "MESSIER_066_branch_0050",
  "dec_deg": 12.982382237713837,
  "dust_survivor_score": 0.17,
  "export_failure_score": 0.4378377533794007,
  "galaxy_name": "MESSIER 066",
  "partial_branch_score": 0.2510191280462553,
  "ra_deg": 170.05790652034008,
  "reason_codes": [
    "BENCHMARK_GUARDRAIL_OK",
    "LONG_BASELINE_SUPPORT",
    "REBRIGHTENING_OR_RETURN"
  ],
  "systematic_risk": 0.1247883670617007,
  "unresolved_variability_score": 0.7343240255905563
}
