{
  "branch_class": "VARIABLE_OR_UNRESOLVED",
  "branch_confidence": "LOW",
  "branch_rank": 559,
  "branch_rank_score": 0.36701196831830524,
  "cluster_id": "MESSIER_061_branch_0318",
  "dec_deg": 4.4904807482132965,
  "dust_survivor_score": 0.16999999999999998,
  "export_failure_score": 0.4975322433891469,
  "galaxy_name": "MESSIER 061",
  "partial_branch_score": 0.5362391382210119,
  "ra_deg": 185.4838146772319,
  "reason_codes": [
    "BENCHMARK_GUARDRAIL_OK",
    "FORCED_COHERENCE_STRONG",
    "LONG_BASELINE_SUPPORT"
  ],
  "systematic_risk": 0.14116398496436947,
  "unresolved_variability_score": 0.49183710100254235
}
