{
  "branch_class": "DUST_SURVIVOR_LIKE",
  "branch_confidence": "LOW",
  "branch_rank": 632,
  "branch_rank_score": 0.42292370799770396,
  "cluster_id": "MESSIER_066_branch_0169",
  "dec_deg": 12.995098253582803,
  "dust_survivor_score": 0.5775000000000001,
  "export_failure_score": 0.496116655941365,
  "galaxy_name": "MESSIER 066",
  "partial_branch_score": 0.5317352966022255,
  "ra_deg": 170.05625497607898,
  "reason_codes": [
    "BENCHMARK_GUARDRAIL_OK",
    "DUST_COMPETITOR_PRESENT",
    "LONG_BASELINE_SUPPORT"
  ],
  "systematic_risk": 0.14491113825506727,
  "unresolved_variability_score": 0.41682872964057427
}
