{
  "branch_class": "VARIABLE_OR_UNRESOLVED",
  "branch_confidence": "MEDIUM",
  "branch_rank": 627,
  "branch_rank_score": 0.32814565384126876,
  "cluster_id": "MESSIER_066_branch_0043",
  "dec_deg": 12.997189474741278,
  "dust_survivor_score": 0.16000000000000003,
  "export_failure_score": 0.46307896496374146,
  "galaxy_name": "MESSIER 066",
  "partial_branch_score": 0.41285896268455347,
  "ra_deg": 170.0496467822873,
  "reason_codes": [
    "BENCHMARK_GUARDRAIL_OK",
    "LONG_BASELINE_SUPPORT",
    "REBRIGHTENING_OR_RETURN"
  ],
  "systematic_risk": 0.1224795149254454,
  "unresolved_variability_score": 0.7132635941174277
}
