{
  "branch_class": "VARIABLE_OR_UNRESOLVED",
  "branch_confidence": "MEDIUM",
  "branch_rank": 674,
  "branch_rank_score": 0.3075979238841017,
  "cluster_id": "MESSIER_066_branch_0209",
  "dec_deg": 12.981186868013122,
  "dust_survivor_score": 0.16000000000000003,
  "export_failure_score": 0.4359600802664275,
  "galaxy_name": "MESSIER 066",
  "partial_branch_score": 0.29962472214058644,
  "ra_deg": 170.06701561848013,
  "reason_codes": [
    "BENCHMARK_GUARDRAIL_OK",
    "LONG_BASELINE_SUPPORT",
    "REBRIGHTENING_OR_RETURN"
  ],
  "systematic_risk": 0.14958941353432287,
  "unresolved_variability_score": 0.6635454267508765
}
