{
  "branch_class": "DUST_SURVIVOR_LIKE",
  "branch_confidence": "LOW",
  "branch_rank": 875,
  "branch_rank_score": 0.2006470925582797,
  "cluster_id": "MESSIER_066_branch_0284",
  "dec_deg": 12.984136720006312,
  "dust_survivor_score": 0.6975000000000001,
  "export_failure_score": 0.37828096389944005,
  "galaxy_name": "MESSIER 066",
  "partial_branch_score": 0.33367215812591905,
  "ra_deg": 170.048940675122,
  "reason_codes": [
    "BENCHMARK_GUARDRAIL_OK",
    "DUST_COMPETITOR_PRESENT",
    "LONG_BASELINE_SUPPORT",
    "REBRIGHTENING_OR_RETURN"
  ],
  "systematic_risk": 0.16083662052005576,
  "unresolved_variability_score": 0.641314330697251
}
