{
  "branch_class": "VARIABLE_OR_UNRESOLVED",
  "branch_confidence": "LOW",
  "branch_rank": 781,
  "branch_rank_score": 0.33956843858116975,
  "cluster_id": "MESSIER_061_branch_0306",
  "dec_deg": 4.476348194228076,
  "dust_survivor_score": 0.29000000000000004,
  "export_failure_score": 0.3475176062122418,
  "galaxy_name": "MESSIER 061",
  "partial_branch_score": 0.4503951795758049,
  "ra_deg": 185.48036798786475,
  "reason_codes": [
    "BENCHMARK_GUARDRAIL_OK",
    "COVERAGE_LIMITED",
    "LONG_BASELINE_SUPPORT",
    "REBRIGHTENING_OR_RETURN"
  ],
  "systematic_risk": 0.1688380892215646,
  "unresolved_variability_score": 0.7092865978721272
}
