{
  "branch_class": "VARIABLE_OR_UNRESOLVED",
  "branch_confidence": "MEDIUM",
  "branch_rank": 666,
  "branch_rank_score": 0.3114407295871934,
  "cluster_id": "MESSIER_061_branch_0338",
  "dec_deg": 4.480365657215375,
  "dust_survivor_score": 0.215,
  "export_failure_score": 0.42315754313238385,
  "galaxy_name": "MESSIER 061",
  "partial_branch_score": 0.4668295795001594,
  "ra_deg": 185.47806740841506,
  "reason_codes": [
    "BENCHMARK_GUARDRAIL_OK",
    "LONG_BASELINE_SUPPORT",
    "REBRIGHTENING_OR_RETURN"
  ],
  "systematic_risk": 0.17200391135050033,
  "unresolved_variability_score": 0.6118085848826914
}
