{
  "branch_class": "SYSTEMATIC_LIKE",
  "branch_confidence": "MEDIUM",
  "branch_rank": 874,
  "branch_rank_score": 0.20994406282403621,
  "cluster_id": "NGC_4388_branch_0014",
  "dec_deg": 12.662247397286887,
  "dust_survivor_score": 0.10666666666666669,
  "export_failure_score": 0.41754837873632894,
  "galaxy_name": "NGC 4388",
  "partial_branch_score": 0.3448972006226876,
  "ra_deg": 186.4441564280449,
  "reason_codes": [
    "BENCHMARK_GUARDRAIL_OK",
    "FORCED_COHERENCE_STRONG",
    "LONG_BASELINE_SUPPORT",
    "MIR_FADE_SUPPORT",
    "PERSISTENT_FADE_SUPPORT",
    "REGISTRATION_WEAK"
  ],
  "systematic_risk": 0.5571627199283932,
  "unresolved_variability_score": 0.3014917468867619
}
