{
  "branch_class": "VARIABLE_OR_UNRESOLVED",
  "branch_confidence": "HIGH",
  "branch_rank": 588,
  "branch_rank_score": 0.4412445121286958,
  "cluster_id": "MESSIER_066_branch_0136",
  "dec_deg": 12.9818973176576,
  "dust_survivor_score": 0.18000000000000002,
  "export_failure_score": 0.48092330586272497,
  "galaxy_name": "MESSIER 066",
  "partial_branch_score": 0.3117860192089503,
  "ra_deg": 170.06957533705648,
  "reason_codes": [
    "BENCHMARK_GUARDRAIL_OK",
    "LONG_BASELINE_SUPPORT",
    "REBRIGHTENING_OR_RETURN"
  ],
  "systematic_risk": 0.10094642490123935,
  "unresolved_variability_score": 0.6763841296825126
}
