{
  "branch_class": "DUST_SURVIVOR_LIKE",
  "branch_confidence": "LOW",
  "branch_rank": 624,
  "branch_rank_score": 0.4277248788517359,
  "cluster_id": "MESSIER_066_branch_0212",
  "dec_deg": 12.99961008935569,
  "dust_survivor_score": 0.505,
  "export_failure_score": 0.4961577744133998,
  "galaxy_name": "MESSIER 066",
  "partial_branch_score": 0.48356204702422956,
  "ra_deg": 170.06875853519918,
  "reason_codes": [
    "BENCHMARK_GUARDRAIL_OK",
    "LONG_BASELINE_SUPPORT"
  ],
  "systematic_risk": 0.12926802602829252,
  "unresolved_variability_score": 0.4749232934406781
}
