{
  "branch_class": "VARIABLE_OR_UNRESOLVED",
  "branch_confidence": "HIGH",
  "branch_rank": 691,
  "branch_rank_score": 0.37220546453002407,
  "cluster_id": "MESSIER_061_branch_0188",
  "dec_deg": 4.482178028362469,
  "dust_survivor_score": 0.20500000000000002,
  "export_failure_score": 0.4131923223564742,
  "galaxy_name": "MESSIER 061",
  "partial_branch_score": 0.4279141386266123,
  "ra_deg": 185.48152039675787,
  "reason_codes": [
    "BENCHMARK_GUARDRAIL_OK",
    "LONG_BASELINE_SUPPORT",
    "REBRIGHTENING_OR_RETURN"
  ],
  "systematic_risk": 0.15839580017854077,
  "unresolved_variability_score": 0.6659093028236104
}
