{
  "branch_class": "STRONG_EXPORT_FAILURE_LIKE",
  "branch_confidence": "LOW",
  "branch_rank": 600,
  "branch_rank_score": 0.42185463195874534,
  "cluster_id": "NGC_4388_branch_0005",
  "dec_deg": 12.663710869802713,
  "dust_survivor_score": 0.10333333333333333,
  "export_failure_score": 0.5099157155186748,
  "galaxy_name": "NGC 4388",
  "partial_branch_score": 0.4627823766033032,
  "ra_deg": 186.44564159253804,
  "reason_codes": [
    "BENCHMARK_GUARDRAIL_OK",
    "FORCED_COHERENCE_STRONG",
    "LONG_BASELINE_SUPPORT",
    "MIR_FADE_SUPPORT",
    "PERSISTENT_FADE_SUPPORT",
    "REGISTRATION_WEAK"
  ],
  "systematic_risk": 0.36832912275801943,
  "unresolved_variability_score": 0.27027323757281296
}
