{
  "branch_class": "VARIABLE_OR_UNRESOLVED",
  "branch_confidence": "HIGH",
  "branch_rank": 626,
  "branch_rank_score": 0.40537946115682755,
  "cluster_id": "MESSIER_066_branch_0047",
  "dec_deg": 12.98478379665287,
  "dust_survivor_score": 0.16000000000000003,
  "export_failure_score": 0.4406934708748344,
  "galaxy_name": "MESSIER 066",
  "partial_branch_score": 0.387906103828722,
  "ra_deg": 170.04916720964158,
  "reason_codes": [
    "BENCHMARK_GUARDRAIL_OK",
    "LONG_BASELINE_SUPPORT",
    "REBRIGHTENING_OR_RETURN"
  ],
  "systematic_risk": 0.12095493430232372,
  "unresolved_variability_score": 0.7379722488869628
}
