{
  "branch_class": "VARIABLE_OR_UNRESOLVED",
  "branch_confidence": "MEDIUM",
  "branch_rank": 512,
  "branch_rank_score": 0.48091256063035054,
  "cluster_id": "MESSIER_061_branch_0124",
  "dec_deg": 4.480308316674338,
  "dust_survivor_score": 0.16499999999999998,
  "export_failure_score": 0.4845361228858231,
  "galaxy_name": "MESSIER 061",
  "partial_branch_score": 0.478630890932373,
  "ra_deg": 185.47934692148797,
  "reason_codes": [
    "BENCHMARK_GUARDRAIL_OK",
    "LONG_BASELINE_SUPPORT",
    "MULTI_PAIR_LOCALIZATION",
    "REBRIGHTENING_OR_RETURN"
  ],
  "systematic_risk": 0.13262914895529396,
  "unresolved_variability_score": 0.5903685624449624
}
