{
  "branch_class": "VARIABLE_OR_UNRESOLVED",
  "branch_confidence": "HIGH",
  "branch_rank": 357,
  "branch_rank_score": 0.5287173516843539,
  "cluster_id": "MESSIER_061_branch_0085",
  "dec_deg": 4.469889296905999,
  "dust_survivor_score": 0.23000000000000004,
  "export_failure_score": 0.458602716486764,
  "galaxy_name": "MESSIER 061",
  "partial_branch_score": 0.3594726813385689,
  "ra_deg": 185.47409907560092,
  "reason_codes": [
    "BENCHMARK_GUARDRAIL_OK",
    "LONG_BASELINE_SUPPORT",
    "MULTI_PAIR_LOCALIZATION",
    "REBRIGHTENING_OR_RETURN"
  ],
  "systematic_risk": 0.13087816444610958,
  "unresolved_variability_score": 0.6222904067908248
}
