{
  "branch_class": "VARIABLE_OR_UNRESOLVED",
  "branch_confidence": "MEDIUM",
  "branch_rank": 480,
  "branch_rank_score": 0.49813389141716785,
  "cluster_id": "MESSIER_066_branch_0060",
  "dec_deg": 12.979896734292955,
  "dust_survivor_score": 0.16000000000000003,
  "export_failure_score": 0.5003475760152764,
  "galaxy_name": "MESSIER 066",
  "partial_branch_score": 0.3863344858398495,
  "ra_deg": 170.0734824128085,
  "reason_codes": [
    "BENCHMARK_GUARDRAIL_OK",
    "LONG_BASELINE_SUPPORT",
    "REBRIGHTENING_OR_RETURN"
  ],
  "systematic_risk": 0.09384145076935184,
  "unresolved_variability_score": 0.65350232971828
}
