{
  "branch_class": "VARIABLE_OR_UNRESOLVED",
  "branch_confidence": "MEDIUM",
  "branch_rank": 669,
  "branch_rank_score": 0.3101250396371676,
  "cluster_id": "MESSIER_066_branch_0217",
  "dec_deg": 12.992586094827798,
  "dust_survivor_score": 0.17,
  "export_failure_score": 0.43576791854599484,
  "galaxy_name": "MESSIER 066",
  "partial_branch_score": 0.3752391863579451,
  "ra_deg": 170.0648404707357,
  "reason_codes": [
    "BENCHMARK_GUARDRAIL_OK",
    "LONG_BASELINE_SUPPORT",
    "REBRIGHTENING_OR_RETURN"
  ],
  "systematic_risk": 0.11820949571879144,
  "unresolved_variability_score": 0.7251039672788665
}
