{
  "branch_class": "INTERMEDIATE_BRANCH_LIKE",
  "branch_confidence": "LOW",
  "branch_rank": 442,
  "branch_rank_score": 0.5199507759304148,
  "cluster_id": "NGC_4388_branch_0012",
  "dec_deg": 12.663422185826748,
  "dust_survivor_score": 0.12666666666666665,
  "export_failure_score": 0.5099226752710667,
  "galaxy_name": "NGC 4388",
  "partial_branch_score": 0.5430231299367811,
  "ra_deg": 186.44550792529427,
  "reason_codes": [
    "BENCHMARK_GUARDRAIL_OK",
    "FORCED_COHERENCE_STRONG",
    "LONG_BASELINE_SUPPORT",
    "MIR_FADE_SUPPORT",
    "REGISTRATION_WEAK"
  ],
  "systematic_risk": 0.27236761796824416,
  "unresolved_variability_score": 0.380309085188387
}
