{
  "branch_class": "VARIABLE_OR_UNRESOLVED",
  "branch_confidence": "MEDIUM",
  "branch_rank": 847,
  "branch_rank_score": 0.2624776658405161,
  "cluster_id": "MESSIER_061_branch_0387",
  "dec_deg": 4.468351273831301,
  "dust_survivor_score": 0.215,
  "export_failure_score": 0.38916008107104266,
  "galaxy_name": "MESSIER 061",
  "partial_branch_score": 0.25401882485647936,
  "ra_deg": 185.47568257064114,
  "reason_codes": [
    "BENCHMARK_GUARDRAIL_OK",
    "LONG_BASELINE_SUPPORT",
    "REBRIGHTENING_OR_RETURN"
  ],
  "systematic_risk": 0.16468571111815059,
  "unresolved_variability_score": 0.671847296893565
}
