{
  "branch_class": "VARIABLE_OR_UNRESOLVED",
  "branch_confidence": "HIGH",
  "branch_rank": 765,
  "branch_rank_score": 0.3513224329969301,
  "cluster_id": "MESSIER_066_branch_0077",
  "dec_deg": 13.005058686740425,
  "dust_survivor_score": 0.26,
  "export_failure_score": 0.3774482966081586,
  "galaxy_name": "MESSIER 066",
  "partial_branch_score": 0.3793028954037233,
  "ra_deg": 170.05550732416918,
  "reason_codes": [
    "BENCHMARK_GUARDRAIL_OK",
    "LONG_BASELINE_SUPPORT",
    "REBRIGHTENING_OR_RETURN"
  ],
  "systematic_risk": 0.13936782906947257,
  "unresolved_variability_score": 0.746819661398258
}
