{
  "branch_class": "VARIABLE_OR_UNRESOLVED",
  "branch_confidence": "MEDIUM",
  "branch_rank": 608,
  "branch_rank_score": 0.4155857931516972,
  "cluster_id": "MESSIER_061_branch_0327",
  "dec_deg": 4.476540503254641,
  "dust_survivor_score": 0.24,
  "export_failure_score": 0.4243340197980358,
  "galaxy_name": "MESSIER 061",
  "partial_branch_score": 0.4963779460090657,
  "ra_deg": 185.47982388760911,
  "reason_codes": [
    "BENCHMARK_GUARDRAIL_OK",
    "LONG_BASELINE_SUPPORT",
    "REBRIGHTENING_OR_RETURN"
  ],
  "systematic_risk": 0.12890981122547773,
  "unresolved_variability_score": 0.6594881757409787
}
