{
  "branch_class": "INTERMEDIATE_BRANCH_LIKE",
  "branch_confidence": "LOW",
  "branch_rank": 481,
  "branch_rank_score": 0.4108316131776654,
  "cluster_id": "MESSIER_061_branch_0328",
  "dec_deg": 4.475116093430952,
  "dust_survivor_score": 0.095,
  "export_failure_score": 0.5417510410310926,
  "galaxy_name": "MESSIER 061",
  "partial_branch_score": 0.5429950433734414,
  "ra_deg": 185.4787189473296,
  "reason_codes": [
    "BENCHMARK_GUARDRAIL_OK",
    "FORCED_COHERENCE_STRONG",
    "LONG_BASELINE_SUPPORT"
  ],
  "systematic_risk": 0.16581849760697587,
  "unresolved_variability_score": 0.45983699176381626
}
