{
  "branch_class": "VARIABLE_OR_UNRESOLVED",
  "branch_confidence": "HIGH",
  "branch_rank": 599,
  "branch_rank_score": 0.43709700246161715,
  "cluster_id": "MESSIER_066_branch_0146",
  "dec_deg": 12.979534689291913,
  "dust_survivor_score": 0.18000000000000002,
  "export_failure_score": 0.47681420510770717,
  "galaxy_name": "MESSIER 066",
  "partial_branch_score": 0.30941737523812146,
  "ra_deg": 170.07181418342387,
  "reason_codes": [
    "BENCHMARK_GUARDRAIL_OK",
    "LONG_BASELINE_SUPPORT",
    "REBRIGHTENING_OR_RETURN"
  ],
  "systematic_risk": 0.10036178900108689,
  "unresolved_variability_score": 0.6787527736533415
}
