{
  "branch_class": "VARIABLE_OR_UNRESOLVED",
  "branch_confidence": "HIGH",
  "branch_rank": 638,
  "branch_rank_score": 0.418353609761659,
  "cluster_id": "MESSIER_066_branch_0131",
  "dec_deg": 12.99202300256113,
  "dust_survivor_score": 0.26,
  "export_failure_score": 0.42576847776318516,
  "galaxy_name": "MESSIER 066",
  "partial_branch_score": 0.4275729115313186,
  "ra_deg": 170.06927846669748,
  "reason_codes": [
    "BENCHMARK_GUARDRAIL_OK",
    "LONG_BASELINE_SUPPORT",
    "REBRIGHTENING_OR_RETURN"
  ],
  "systematic_risk": 0.12082421689858085,
  "unresolved_variability_score": 0.6985496452706627
}
