{
  "branch_class": "VARIABLE_OR_UNRESOLVED",
  "branch_confidence": "HIGH",
  "branch_rank": 468,
  "branch_rank_score": 0.5048418322556756,
  "cluster_id": "MESSIER_066_branch_0027",
  "dec_deg": 13.0017681014929,
  "dust_survivor_score": 0.16000000000000003,
  "export_failure_score": 0.4916000551825702,
  "galaxy_name": "MESSIER 066",
  "partial_branch_score": 0.41696681809762703,
  "ra_deg": 170.06053562475822,
  "reason_codes": [
    "BENCHMARK_GUARDRAIL_OK",
    "LONG_BASELINE_SUPPORT",
    "REBRIGHTENING_OR_RETURN"
  ],
  "systematic_risk": 0.09333687927387696,
  "unresolved_variability_score": 0.7089115346180577
}
