{
  "branch_class": "STRONG_EXPORT_FAILURE_LIKE",
  "branch_confidence": "MEDIUM",
  "branch_rank": 590,
  "branch_rank_score": 0.3509177137177202,
  "cluster_id": "MESSIER_066_branch_0277",
  "dec_deg": 12.979966713994258,
  "dust_survivor_score": 0.3950000000000001,
  "export_failure_score": 0.5218461646040609,
  "galaxy_name": "MESSIER 066",
  "partial_branch_score": 0.401793694507598,
  "ra_deg": 170.07587244868697,
  "reason_codes": [
    "BENCHMARK_GUARDRAIL_OK",
    "LONG_BASELINE_SUPPORT"
  ],
  "systematic_risk": 0.1437944336795871,
  "unresolved_variability_score": 0.3853123637913444
}
