{
  "branch_class": "VARIABLE_OR_UNRESOLVED",
  "branch_confidence": "MEDIUM",
  "branch_rank": 654,
  "branch_rank_score": 0.3167960846810648,
  "cluster_id": "MESSIER_066_branch_0179",
  "dec_deg": 12.987885807267899,
  "dust_survivor_score": 0.17,
  "export_failure_score": 0.4417339616062329,
  "galaxy_name": "MESSIER 066",
  "partial_branch_score": 0.3791152335219631,
  "ra_deg": 170.06043688989482,
  "reason_codes": [
    "BENCHMARK_GUARDRAIL_OK",
    "LONG_BASELINE_SUPPORT",
    "REBRIGHTENING_OR_RETURN"
  ],
  "systematic_risk": 0.11359531971233827,
  "unresolved_variability_score": 0.7212279201148486
}
