{
  "branch_class": "VARIABLE_OR_UNRESOLVED",
  "branch_confidence": "MEDIUM",
  "branch_rank": 784,
  "branch_rank_score": 0.25641481374765684,
  "cluster_id": "MESSIER_066_branch_0052",
  "dec_deg": 12.999538740054856,
  "dust_survivor_score": 0.26,
  "export_failure_score": 0.40589080563443936,
  "galaxy_name": "MESSIER 066",
  "partial_branch_score": 0.40288794556837937,
  "ra_deg": 170.0453763266892,
  "reason_codes": [
    "BENCHMARK_GUARDRAIL_OK",
    "LONG_BASELINE_SUPPORT",
    "REBRIGHTENING_OR_RETURN"
  ],
  "systematic_risk": 0.13444785369804732,
  "unresolved_variability_score": 0.7232346112336019
}
