{
  "branch_class": "DUST_SURVIVOR_LIKE",
  "branch_confidence": "MEDIUM",
  "branch_rank": 863,
  "branch_rank_score": 0.24110575501982745,
  "cluster_id": "MESSIER_066_branch_0190",
  "dec_deg": 12.988206796260352,
  "dust_survivor_score": 0.5850000000000001,
  "export_failure_score": 0.3914194943045942,
  "galaxy_name": "MESSIER 066",
  "partial_branch_score": 0.306528750250547,
  "ra_deg": 170.07646563326145,
  "reason_codes": [
    "BENCHMARK_GUARDRAIL_OK",
    "DUST_COMPETITOR_PRESENT",
    "LONG_BASELINE_SUPPORT",
    "REBRIGHTENING_OR_RETURN"
  ],
  "systematic_risk": 0.132745024931057,
  "unresolved_variability_score": 0.6687019426589195
}
