{
  "branch_class": "VARIABLE_OR_UNRESOLVED",
  "branch_confidence": "LOW",
  "branch_rank": 385,
  "branch_rank_score": 0.5736585637070888,
  "cluster_id": "MESSIER_066_branch_0037",
  "dec_deg": 12.996002017801665,
  "dust_survivor_score": 0.12,
  "export_failure_score": 0.5372508594616251,
  "galaxy_name": "MESSIER 066",
  "partial_branch_score": 0.4619767152748595,
  "ra_deg": 170.04568358655368,
  "reason_codes": [
    "BENCHMARK_GUARDRAIL_OK",
    "LONG_BASELINE_SUPPORT",
    "REBRIGHTENING_OR_RETURN"
  ],
  "systematic_risk": 0.0910620414712886,
  "unresolved_variability_score": 0.6141458415271217
}
