{
  "branch_class": "STRONG_EXPORT_FAILURE_LIKE",
  "branch_confidence": "MEDIUM",
  "branch_rank": 660,
  "branch_rank_score": 0.39144250377623147,
  "cluster_id": "MESSIER_066_branch_0264",
  "dec_deg": 12.99031178872288,
  "dust_survivor_score": 0.41,
  "export_failure_score": 0.5195850902482871,
  "galaxy_name": "MESSIER 066",
  "partial_branch_score": 0.38246394302507075,
  "ra_deg": 170.06635494534802,
  "reason_codes": [
    "BENCHMARK_GUARDRAIL_OK",
    "LONG_BASELINE_SUPPORT"
  ],
  "systematic_risk": 0.13073901232523533,
  "unresolved_variability_score": 0.4177419942746674
}
