{
  "branch_class": "VARIABLE_OR_UNRESOLVED",
  "branch_confidence": "HIGH",
  "branch_rank": 688,
  "branch_rank_score": 0.39570697365717417,
  "cluster_id": "MESSIER_066_branch_0263",
  "dec_deg": 12.98270483319623,
  "dust_survivor_score": 0.17,
  "export_failure_score": 0.4109749527161348,
  "galaxy_name": "MESSIER 066",
  "partial_branch_score": 0.3596654254667962,
  "ra_deg": 170.05113841716081,
  "reason_codes": [
    "BENCHMARK_GUARDRAIL_OK",
    "LONG_BASELINE_SUPPORT",
    "REBRIGHTENING_OR_RETURN"
  ],
  "systematic_risk": 0.1374268085402664,
  "unresolved_variability_score": 0.7406777281700155
}
