{
  "branch_class": "VARIABLE_OR_UNRESOLVED",
  "branch_confidence": "MEDIUM",
  "branch_rank": 542,
  "branch_rank_score": 0.46235041914532277,
  "cluster_id": "MESSIER_066_branch_0177",
  "dec_deg": 13.001743995467406,
  "dust_survivor_score": 0.22,
  "export_failure_score": 0.46619537930435245,
  "galaxy_name": "MESSIER 066",
  "partial_branch_score": 0.4510944355743076,
  "ra_deg": 170.05667261283267,
  "reason_codes": [
    "BENCHMARK_GUARDRAIL_OK",
    "LONG_BASELINE_SUPPORT",
    "REBRIGHTENING_OR_RETURN"
  ],
  "systematic_risk": 0.1491476995463356,
  "unresolved_variability_score": 0.5914505838080438
}
