{
  "candidate_id": "MESSIER_101_hst_9490_02_acs_wfc_f555w_j8d602_hst_14678_01_acs_wfc_f555w_jd6v01_0003",
  "created_utc": "20260310_083055UTC",
  "fade_window_mjd": [
    52591.73689722,
    57919.6925697
  ],
  "fits": {
    "post": {
      "chi2": 61.74609174344391,
      "dof": 6,
      "fit_message": "CONVERGENCE: NORM OF PROJECTED GRADIENT <= PGTOL",
      "fit_ok": true,
      "internal_av_mag": 6.0,
      "mw_av_mag": 0.022939998656511307,
      "n_points": 9,
      "scale": 1e-35,
      "temperature_k": 1584.893192461114
    },
    "pre": {
      "chi2": 1087359.4861968337,
      "dof": 0,
      "fit_message": "CONVERGENCE: NORM OF PROJECTED GRADIENT <= PGTOL",
      "fit_ok": true,
      "internal_av_mag": 6.0,
      "mw_av_mag": 0.022939998656511307,
      "n_points": 3,
      "scale": 1e-35,
      "temperature_k": 1584.893192461114
    }
  },
  "galaxy_name": "MESSIER 101",
  "lightcurve_path": "/home/primary/SUPERNOVA/sed/MESSIER_101_hst_9490_02_acs_wfc_f555w_j8d602_hst_14678_01_acs_wfc_f555w_jd6v01_0003/lightcurve.png",
  "mw_av_mag": 0.022939998656511307,
  "n_measurements": 115,
  "n_observations_considered": 279,
  "n_stage_points": 12,
  "photometry_path": "/home/primary/SUPERNOVA/sed/MESSIER_101_hst_9490_02_acs_wfc_f555w_j8d602_hst_14678_01_acs_wfc_f555w_jd6v01_0003/all_photometry.parquet",
  "sed_plot_path": "/home/primary/SUPERNOVA/sed/MESSIER_101_hst_9490_02_acs_wfc_f555w_j8d602_hst_14678_01_acs_wfc_f555w_jd6v01_0003/sed_fit.png",
  "stage_sed_path": "/home/primary/SUPERNOVA/sed/MESSIER_101_hst_9490_02_acs_wfc_f555w_j8d602_hst_14678_01_acs_wfc_f555w_jd6v01_0003/stage_sed.csv"
}