{
  "branch_class": "VARIABLE_OR_UNRESOLVED",
  "branch_confidence": "HIGH",
  "branch_rank": 796,
  "branch_rank_score": 0.3110943052813174,
  "cluster_id": "MESSIER_066_branch_0157",
  "dec_deg": 12.988883617608774,
  "dust_survivor_score": 0.17,
  "export_failure_score": 0.41767061804912975,
  "galaxy_name": "MESSIER 066",
  "partial_branch_score": 0.2589473189980262,
  "ra_deg": 170.06096598679855,
  "reason_codes": [
    "BENCHMARK_GUARDRAIL_OK",
    "LONG_BASELINE_SUPPORT",
    "REBRIGHTENING_OR_RETURN"
  ],
  "systematic_risk": 0.14500269462688148,
  "unresolved_variability_score": 0.7261516305524889
}
