{
  "branch_class": "STRONG_EXPORT_FAILURE_LIKE",
  "branch_confidence": "LOW",
  "branch_rank": 460,
  "branch_rank_score": 0.42892816291423097,
  "cluster_id": "MESSIER_066_branch_0065",
  "dec_deg": 12.992716822317643,
  "dust_survivor_score": 0.14,
  "export_failure_score": 0.5588023416610466,
  "galaxy_name": "MESSIER 066",
  "partial_branch_score": 0.5052810738171636,
  "ra_deg": 170.05283824102173,
  "reason_codes": [
    "BENCHMARK_GUARDRAIL_OK",
    "LONG_BASELINE_SUPPORT"
  ],
  "systematic_risk": 0.10709188288252594,
  "unresolved_variability_score": 0.4408414829848175
}
