{
  "branch_class": "VARIABLE_OR_UNRESOLVED",
  "branch_confidence": "MEDIUM",
  "branch_rank": 453,
  "branch_rank_score": 0.43391095316055484,
  "cluster_id": "MESSIER_061_branch_0340",
  "dec_deg": 4.4794620496502136,
  "dust_survivor_score": 0.14500000000000002,
  "export_failure_score": 0.5391309100005011,
  "galaxy_name": "MESSIER 061",
  "partial_branch_score": 0.6574945039700748,
  "ra_deg": 185.48099359694868,
  "reason_codes": [
    "BENCHMARK_GUARDRAIL_OK",
    "FORCED_COHERENCE_STRONG",
    "LONG_BASELINE_SUPPORT",
    "PARTIAL_SUPPRESSION_PATTERN"
  ],
  "systematic_risk": 0.13790181840693558,
  "unresolved_variability_score": 0.46203184238678363
}
