{
  "branch_class": "INTERMEDIATE_BRANCH_LIKE",
  "branch_confidence": "LOW",
  "branch_rank": 391,
  "branch_rank_score": 0.5669740375589337,
  "cluster_id": "MESSIER_061_branch_0128",
  "dec_deg": 4.4694712447304195,
  "dust_survivor_score": 0.16,
  "export_failure_score": 0.5317331197512508,
  "galaxy_name": "MESSIER 061",
  "partial_branch_score": 0.5235805413445062,
  "ra_deg": 185.47454375988718,
  "reason_codes": [
    "BENCHMARK_GUARDRAIL_OK",
    "LONG_BASELINE_SUPPORT",
    "MULTI_PAIR_LOCALIZATION"
  ],
  "systematic_risk": 0.1414234113145999,
  "unresolved_variability_score": 0.4579584740384609
}
