{
  "branch_class": "VARIABLE_OR_UNRESOLVED",
  "branch_confidence": "MEDIUM",
  "branch_rank": 610,
  "branch_rank_score": 0.43257637096938034,
  "cluster_id": "MESSIER_066_branch_0282",
  "dec_deg": 12.981014720329387,
  "dust_survivor_score": 0.16000000000000003,
  "export_failure_score": 0.47168219515652865,
  "galaxy_name": "MESSIER 066",
  "partial_branch_score": 0.3256865706679523,
  "ra_deg": 170.06992388893028,
  "reason_codes": [
    "BENCHMARK_GUARDRAIL_OK",
    "LONG_BASELINE_SUPPORT",
    "REBRIGHTENING_OR_RETURN"
  ],
  "systematic_risk": 0.13686848739331875,
  "unresolved_variability_score": 0.6208169115568439
}
