{
  "branch_class": "VARIABLE_OR_UNRESOLVED",
  "branch_confidence": "HIGH",
  "branch_rank": 837,
  "branch_rank_score": 0.27532232854256955,
  "cluster_id": "MESSIER_061_branch_0138",
  "dec_deg": 4.483662306592807,
  "dust_survivor_score": 0.2157142857142857,
  "export_failure_score": 0.40118534405156037,
  "galaxy_name": "MESSIER 061",
  "partial_branch_score": 0.26538251828702397,
  "ra_deg": 185.47947699544517,
  "reason_codes": [
    "BENCHMARK_GUARDRAIL_OK",
    "LONG_BASELINE_SUPPORT",
    "MULTI_PAIR_LOCALIZATION",
    "REBRIGHTENING_OR_RETURN"
  ],
  "systematic_risk": 0.17196397529631913,
  "unresolved_variability_score": 0.6808398258567271
}
