{
  "branch_class": "VARIABLE_OR_UNRESOLVED",
  "branch_confidence": "HIGH",
  "branch_rank": 678,
  "branch_rank_score": 0.3819719907309493,
  "cluster_id": "MESSIER_066_branch_0202",
  "dec_deg": 12.99892263210305,
  "dust_survivor_score": 0.26,
  "export_failure_score": 0.4247015533965036,
  "galaxy_name": "MESSIER 066",
  "partial_branch_score": 0.43304628607927553,
  "ra_deg": 170.05864252101452,
  "reason_codes": [
    "BENCHMARK_GUARDRAIL_OK",
    "LONG_BASELINE_SUPPORT",
    "REBRIGHTENING_OR_RETURN"
  ],
  "systematic_risk": 0.12254378336443812,
  "unresolved_variability_score": 0.6930762707227057
}
