{
  "branch_class": "VARIABLE_OR_UNRESOLVED",
  "branch_confidence": "MEDIUM",
  "branch_rank": 722,
  "branch_rank_score": 0.2828822360243319,
  "cluster_id": "MESSIER_066_branch_0107",
  "dec_deg": 12.98586128754055,
  "dust_survivor_score": 0.27,
  "export_failure_score": 0.42248696805486124,
  "galaxy_name": "MESSIER 066",
  "partial_branch_score": 0.39195503806053283,
  "ra_deg": 170.06285975847658,
  "reason_codes": [
    "BENCHMARK_GUARDRAIL_OK",
    "LONG_BASELINE_SUPPORT",
    "REBRIGHTENING_OR_RETURN"
  ],
  "systematic_risk": 0.10921574967613276,
  "unresolved_variability_score": 0.7081439114899823
}
