{
  "branch_class": "VARIABLE_OR_UNRESOLVED",
  "branch_confidence": "MEDIUM",
  "branch_rank": 705,
  "branch_rank_score": 0.3892435075061047,
  "cluster_id": "MESSIER_066_branch_0275",
  "dec_deg": 12.981991402112735,
  "dust_survivor_score": 0.43000000000000005,
  "export_failure_score": 0.45568467729010853,
  "galaxy_name": "MESSIER 066",
  "partial_branch_score": 0.42736494942062453,
  "ra_deg": 170.06830273303535,
  "reason_codes": [
    "BENCHMARK_GUARDRAIL_OK",
    "LONG_BASELINE_SUPPORT",
    "REBRIGHTENING_OR_RETURN"
  ],
  "systematic_risk": 0.1351341151840198,
  "unresolved_variability_score": 0.5514077755449844
}
