{
  "branch_class": "VARIABLE_OR_UNRESOLVED",
  "branch_confidence": "LOW",
  "branch_rank": 849,
  "branch_rank_score": 0.2704898423245933,
  "cluster_id": "MESSIER_061_branch_0295",
  "dec_deg": 4.4619494629996685,
  "dust_survivor_score": 0.29000000000000004,
  "export_failure_score": 0.2982770579023185,
  "galaxy_name": "MESSIER 061",
  "partial_branch_score": 0.4079925065260038,
  "ra_deg": 185.47071549706646,
  "reason_codes": [
    "BENCHMARK_GUARDRAIL_OK",
    "COVERAGE_LIMITED",
    "LONG_BASELINE_SUPPORT",
    "REBRIGHTENING_OR_RETURN"
  ],
  "systematic_risk": 0.19815584120886565,
  "unresolved_variability_score": 0.7514450668356318
}
