{
  "branch_class": "STRONG_EXPORT_FAILURE_LIKE",
  "branch_confidence": "LOW",
  "branch_rank": 508,
  "branch_rank_score": 0.394156135810858,
  "cluster_id": "MESSIER_066_branch_0038",
  "dec_deg": 12.991990625811647,
  "dust_survivor_score": 0.14,
  "export_failure_score": 0.529701304177043,
  "galaxy_name": "MESSIER 066",
  "partial_branch_score": 0.4742836594649921,
  "ra_deg": 170.07399198105114,
  "reason_codes": [
    "BENCHMARK_GUARDRAIL_OK",
    "LONG_BASELINE_SUPPORT"
  ],
  "systematic_risk": 0.12718352003737543,
  "unresolved_variability_score": 0.471838897336989
}
