{
  "branch_class": "VARIABLE_OR_UNRESOLVED",
  "branch_confidence": "LOW",
  "branch_rank": 732,
  "branch_rank_score": 0.3700219383922558,
  "cluster_id": "MESSIER_061_branch_0195",
  "dec_deg": 4.466024472699315,
  "dust_survivor_score": 0.29000000000000004,
  "export_failure_score": 0.3740962254535267,
  "galaxy_name": "MESSIER 061",
  "partial_branch_score": 0.4589691321485132,
  "ra_deg": 185.47406978533363,
  "reason_codes": [
    "BENCHMARK_GUARDRAIL_OK",
    "COVERAGE_LIMITED",
    "LONG_BASELINE_SUPPORT",
    "REBRIGHTENING_OR_RETURN"
  ],
  "systematic_risk": 0.1543690876248368,
  "unresolved_variability_score": 0.7007126452994189
}
