{
  "branch_class": "VARIABLE_OR_UNRESOLVED",
  "branch_confidence": "MEDIUM",
  "branch_rank": 863,
  "branch_rank_score": 0.18565359458035358,
  "cluster_id": "MESSIER_061_branch_0339",
  "dec_deg": 4.479146216420303,
  "dust_survivor_score": 0.305,
  "export_failure_score": 0.36081187731474057,
  "galaxy_name": "MESSIER 061",
  "partial_branch_score": 0.35587613361119824,
  "ra_deg": 185.48079402725133,
  "reason_codes": [
    "BENCHMARK_GUARDRAIL_OK",
    "LONG_BASELINE_SUPPORT",
    "REBRIGHTENING_OR_RETURN"
  ],
  "systematic_risk": 0.15988381809198038,
  "unresolved_variability_score": 0.6548412857267354
}
