{
  "branch_class": "VARIABLE_OR_UNRESOLVED",
  "branch_confidence": "MEDIUM",
  "branch_rank": 385,
  "branch_rank_score": 0.5056572107116071,
  "cluster_id": "MESSIER_066_branch_0061",
  "dec_deg": 12.996222656044104,
  "dust_survivor_score": 0.04,
  "export_failure_score": 0.621175063265715,
  "galaxy_name": "MESSIER 066",
  "partial_branch_score": 0.5219463702981809,
  "ra_deg": 170.06657702386153,
  "reason_codes": [
    "BENCHMARK_GUARDRAIL_OK",
    "FORCED_COHERENCE_STRONG",
    "LONG_BASELINE_SUPPORT"
  ],
  "systematic_risk": 0.09620228370515291,
  "unresolved_variability_score": 0.4241761865038004
}
