{
  "branch_class": "VARIABLE_OR_UNRESOLVED",
  "branch_confidence": "MEDIUM",
  "branch_rank": 714,
  "branch_rank_score": 0.28714432600109385,
  "cluster_id": "MESSIER_066_branch_0090",
  "dec_deg": 12.993806957569243,
  "dust_survivor_score": 0.26,
  "export_failure_score": 0.430306529370732,
  "galaxy_name": "MESSIER 066",
  "partial_branch_score": 0.42320232444157946,
  "ra_deg": 170.06118239275187,
  "reason_codes": [
    "BENCHMARK_GUARDRAIL_OK",
    "LONG_BASELINE_SUPPORT",
    "REBRIGHTENING_OR_RETURN"
  ],
  "systematic_risk": 0.10829231936069243,
  "unresolved_variability_score": 0.7029202323604018
}
