{
  "branch_class": "DUST_SURVIVOR_LIKE",
  "branch_confidence": "LOW",
  "branch_rank": 898,
  "branch_rank_score": 0.11149099456650063,
  "cluster_id": "MESSIER_066_branch_0284",
  "dec_deg": 12.984136720006312,
  "dust_survivor_score": 0.6975000000000001,
  "export_failure_score": 0.3735306877847026,
  "galaxy_name": "MESSIER 066",
  "partial_branch_score": 0.33129702006855033,
  "ra_deg": 170.048940675122,
  "reason_codes": [
    "BENCHMARK_GUARDRAIL_OK",
    "DUST_COMPETITOR_PRESENT",
    "LONG_BASELINE_SUPPORT",
    "REBRIGHTENING_OR_RETURN"
  ],
  "systematic_risk": 0.1626179740630823,
  "unresolved_variability_score": 0.6436894687546196
}
