{
  "branch_class": "VARIABLE_OR_UNRESOLVED",
  "branch_confidence": "MEDIUM",
  "branch_rank": 770,
  "branch_rank_score": 0.26237526954403795,
  "cluster_id": "MESSIER_066_branch_0259",
  "dec_deg": 12.999069541889021,
  "dust_survivor_score": 0.16000000000000003,
  "export_failure_score": 0.4295149995216634,
  "galaxy_name": "MESSIER 066",
  "partial_branch_score": 0.2623643173129085,
  "ra_deg": 170.05875131921366,
  "reason_codes": [
    "BENCHMARK_GUARDRAIL_OK",
    "LONG_BASELINE_SUPPORT",
    "REBRIGHTENING_OR_RETURN"
  ],
  "systematic_risk": 0.13676575610873332,
  "unresolved_variability_score": 0.7104249061557394
}
