{
  "branch_class": "VARIABLE_OR_UNRESOLVED",
  "branch_confidence": "HIGH",
  "branch_rank": 613,
  "branch_rank_score": 0.4123634576395156,
  "cluster_id": "MESSIER_066_branch_0031",
  "dec_deg": 12.986263396670541,
  "dust_survivor_score": 0.17,
  "export_failure_score": 0.4928339134902169,
  "galaxy_name": "MESSIER 066",
  "partial_branch_score": 0.2919958584978563,
  "ra_deg": 170.06061236013932,
  "reason_codes": [
    "BENCHMARK_GUARDRAIL_OK",
    "LONG_BASELINE_SUPPORT",
    "REBRIGHTENING_OR_RETURN"
  ],
  "systematic_risk": 0.09399890285643142,
  "unresolved_variability_score": 0.6933472951389554
}
