{
  "branch_class": "STRONG_EXPORT_FAILURE_LIKE",
  "branch_confidence": "LOW",
  "branch_rank": 431,
  "branch_rank_score": 0.5279508718226031,
  "cluster_id": "MESSIER_066_branch_0152",
  "dec_deg": 12.99133176685756,
  "dust_survivor_score": 0.14,
  "export_failure_score": 0.5045089644556007,
  "galaxy_name": "MESSIER 066",
  "partial_branch_score": 0.4776965545677477,
  "ra_deg": 170.05838673058506,
  "reason_codes": [
    "BENCHMARK_GUARDRAIL_OK",
    "LONG_BASELINE_SUPPORT"
  ],
  "systematic_risk": 0.14805337359827725,
  "unresolved_variability_score": 0.46818179814793703
}
