{
  "branch_class": "VARIABLE_OR_UNRESOLVED",
  "branch_confidence": "MEDIUM",
  "branch_rank": 673,
  "branch_rank_score": 0.3095156333823855,
  "cluster_id": "MESSIER_066_branch_0155",
  "dec_deg": 12.988186790456384,
  "dust_survivor_score": 0.24,
  "export_failure_score": 0.44346912207769257,
  "galaxy_name": "MESSIER 066",
  "partial_branch_score": 0.41767285216453737,
  "ra_deg": 170.0569696621353,
  "reason_codes": [
    "BENCHMARK_GUARDRAIL_OK",
    "LONG_BASELINE_SUPPORT",
    "REBRIGHTENING_OR_RETURN"
  ],
  "systematic_risk": 0.11579082375856559,
  "unresolved_variability_score": 0.6451703014722743
}
