{
  "branch_class": "STRONG_EXPORT_FAILURE_LIKE",
  "branch_confidence": "MEDIUM",
  "branch_rank": 392,
  "branch_rank_score": 0.566571922809566,
  "cluster_id": "MESSIER_066_branch_0216",
  "dec_deg": 12.978159572855056,
  "dust_survivor_score": 0.16,
  "export_failure_score": 0.5599493617820881,
  "galaxy_name": "MESSIER 066",
  "partial_branch_score": 0.46958857133643206,
  "ra_deg": 170.05116886579793,
  "reason_codes": [
    "BENCHMARK_GUARDRAIL_OK",
    "LONG_BASELINE_SUPPORT"
  ],
  "systematic_risk": 0.13924529720656237,
  "unresolved_variability_score": 0.4456173659633061
}
