{
  "branch_class": "STRONG_EXPORT_FAILURE_LIKE",
  "branch_confidence": "LOW",
  "branch_rank": 587,
  "branch_rank_score": 0.44161108853371545,
  "cluster_id": "MESSIER_066_branch_0036",
  "dec_deg": 12.990987617756405,
  "dust_survivor_score": 0.505,
  "export_failure_score": 0.5644857702067778,
  "galaxy_name": "MESSIER 066",
  "partial_branch_score": 0.3598737041720577,
  "ra_deg": 170.0554260180983,
  "reason_codes": [
    "BENCHMARK_GUARDRAIL_OK",
    "LONG_BASELINE_SUPPORT",
    "PERSISTENT_FADE_SUPPORT"
  ],
  "systematic_risk": 0.0916255775241404,
  "unresolved_variability_score": 0.44527830295951654
}
