{
  "branch_class": "VARIABLE_OR_UNRESOLVED",
  "branch_confidence": "MEDIUM",
  "branch_rank": 776,
  "branch_rank_score": 0.3234326013213647,
  "cluster_id": "MESSIER_061_branch_0357",
  "dec_deg": 4.4682931915558255,
  "dust_survivor_score": 0.205,
  "export_failure_score": 0.3969226989413005,
  "galaxy_name": "MESSIER 061",
  "partial_branch_score": 0.3592137805611135,
  "ra_deg": 185.4763441815462,
  "reason_codes": [
    "BENCHMARK_GUARDRAIL_OK",
    "LONG_BASELINE_SUPPORT",
    "REBRIGHTENING_OR_RETURN"
  ],
  "systematic_risk": 0.16273612075499655,
  "unresolved_variability_score": 0.6515036387768202
}
