{
  "branch_class": "STRONG_EXPORT_FAILURE_LIKE",
  "branch_confidence": "LOW",
  "branch_rank": 673,
  "branch_rank_score": 0.4021292406146817,
  "cluster_id": "MESSIER_066_branch_0286",
  "dec_deg": 12.978476552105876,
  "dust_survivor_score": 0.5100000000000001,
  "export_failure_score": 0.5247581698203988,
  "galaxy_name": "MESSIER 066",
  "partial_branch_score": 0.4518618542126459,
  "ra_deg": 170.07119691646122,
  "reason_codes": [
    "BENCHMARK_GUARDRAIL_OK",
    "LONG_BASELINE_SUPPORT"
  ],
  "systematic_risk": 0.22080141487748028,
  "unresolved_variability_score": 0.29333333333333333
}
