{
  "branch_class": "VARIABLE_OR_UNRESOLVED",
  "branch_confidence": "HIGH",
  "branch_rank": 686,
  "branch_rank_score": 0.39665333873342956,
  "cluster_id": "MESSIER_066_branch_0209",
  "dec_deg": 12.981186868013122,
  "dust_survivor_score": 0.16000000000000003,
  "export_failure_score": 0.4437074469196326,
  "galaxy_name": "MESSIER 066",
  "partial_branch_score": 0.303498405467189,
  "ra_deg": 170.06701561848013,
  "reason_codes": [
    "BENCHMARK_GUARDRAIL_OK",
    "LONG_BASELINE_SUPPORT",
    "REBRIGHTENING_OR_RETURN"
  ],
  "systematic_risk": 0.14668415103937094,
  "unresolved_variability_score": 0.6596717434242739
}
