{
  "branch_class": "VARIABLE_OR_UNRESOLVED",
  "branch_confidence": "LOW",
  "branch_rank": 617,
  "branch_rank_score": 0.410255069489644,
  "cluster_id": "MESSIER_061_branch_0229",
  "dec_deg": 4.474356468278014,
  "dust_survivor_score": 0.16,
  "export_failure_score": 0.46870217620458765,
  "galaxy_name": "MESSIER 061",
  "partial_branch_score": 0.4038773134701231,
  "ra_deg": 185.45887343210754,
  "reason_codes": [
    "BENCHMARK_GUARDRAIL_OK",
    "LONG_BASELINE_SUPPORT",
    "MIR_FADE_SUPPORT"
  ],
  "systematic_risk": 0.19027493669543616,
  "unresolved_variability_score": 0.48214444226096065
}
