{
  "branch_class": "VARIABLE_OR_UNRESOLVED",
  "branch_confidence": "LOW",
  "branch_rank": 470,
  "branch_rank_score": 0.5032371292578082,
  "cluster_id": "MESSIER_066_branch_0180",
  "dec_deg": 12.987109779047653,
  "dust_survivor_score": 0.22999999999999998,
  "export_failure_score": 0.5146736101844024,
  "galaxy_name": "MESSIER 066",
  "partial_branch_score": 0.44529684232695177,
  "ra_deg": 170.0559553512124,
  "reason_codes": [
    "BENCHMARK_GUARDRAIL_OK",
    "LONG_BASELINE_SUPPORT",
    "REBRIGHTENING_OR_RETURN"
  ],
  "systematic_risk": 0.12921947057268396,
  "unresolved_variability_score": 0.5724877807506785
}
