{
  "branch_class": "VARIABLE_OR_UNRESOLVED",
  "branch_confidence": "LOW",
  "branch_rank": 899,
  "branch_rank_score": 0.0862569537071566,
  "cluster_id": "MESSIER_061_branch_0180",
  "dec_deg": 4.492018990407125,
  "dust_survivor_score": 0.35000000000000003,
  "export_failure_score": 0.2287659139275768,
  "galaxy_name": "MESSIER 061",
  "partial_branch_score": 0.16211551577801192,
  "ra_deg": 185.48447204717954,
  "reason_codes": [
    "BENCHMARK_GUARDRAIL_OK",
    "COVERAGE_LIMITED",
    "LONG_BASELINE_SUPPORT",
    "REBRIGHTENING_OR_RETURN"
  ],
  "systematic_risk": 0.2047457359403661,
  "unresolved_variability_score": 0.8999707599957345
}
