{
  "branch_class": "VARIABLE_OR_UNRESOLVED",
  "branch_confidence": "MEDIUM",
  "branch_rank": 841,
  "branch_rank_score": 0.21995921346962216,
  "cluster_id": "MESSIER_061_branch_0225",
  "dec_deg": 4.469405860138703,
  "dust_survivor_score": 0.28,
  "export_failure_score": 0.39318301669331723,
  "galaxy_name": "MESSIER 061",
  "partial_branch_score": 0.3650875076852971,
  "ra_deg": 185.47438970693037,
  "reason_codes": [
    "BENCHMARK_GUARDRAIL_OK",
    "LONG_BASELINE_SUPPORT",
    "REBRIGHTENING_OR_RETURN"
  ],
  "systematic_risk": 0.15101912438479267,
  "unresolved_variability_score": 0.6456299116526366
}
