{
  "branch_class": "VARIABLE_OR_UNRESOLVED",
  "branch_confidence": "HIGH",
  "branch_rank": 853,
  "branch_rank_score": 0.26358003556926,
  "cluster_id": "MESSIER_061_branch_0361",
  "dec_deg": 4.4734805040325645,
  "dust_survivor_score": 0.29000000000000004,
  "export_failure_score": 0.3277975241364852,
  "galaxy_name": "MESSIER 061",
  "partial_branch_score": 0.32820697685583583,
  "ra_deg": 185.47662530112274,
  "reason_codes": [
    "BENCHMARK_GUARDRAIL_OK",
    "LONG_BASELINE_SUPPORT",
    "REBRIGHTENING_OR_RETURN"
  ],
  "systematic_risk": 0.1853032696402434,
  "unresolved_variability_score": 0.6847451299230229
}
