{
  "branch_class": "DUST_SURVIVOR_LIKE",
  "branch_confidence": "LOW",
  "branch_rank": 900,
  "branch_rank_score": 0.13005954655126511,
  "cluster_id": "MESSIER_066_branch_0223",
  "dec_deg": 12.990117441759256,
  "dust_survivor_score": 0.5850000000000001,
  "export_failure_score": 0.3695689647054069,
  "galaxy_name": "MESSIER 066",
  "partial_branch_score": 0.29487898852706634,
  "ra_deg": 170.07720328907286,
  "reason_codes": [
    "BENCHMARK_GUARDRAIL_OK",
    "DUST_COMPETITOR_PRESENT",
    "LONG_BASELINE_SUPPORT",
    "REBRIGHTENING_OR_RETURN"
  ],
  "systematic_risk": 0.22122651764923135,
  "unresolved_variability_score": 0.6603517043824001
}
