{
  "branch_class": "VARIABLE_OR_UNRESOLVED",
  "branch_confidence": "HIGH",
  "branch_rank": 764,
  "branch_rank_score": 0.35185182412091015,
  "cluster_id": "MESSIER_066_branch_0224",
  "dec_deg": 12.99882761529477,
  "dust_survivor_score": 0.47250000000000003,
  "export_failure_score": 0.4065203004142057,
  "galaxy_name": "MESSIER 066",
  "partial_branch_score": 0.45350550007138674,
  "ra_deg": 170.07057029331918,
  "reason_codes": [
    "BENCHMARK_GUARDRAIL_OK",
    "LONG_BASELINE_SUPPORT",
    "REBRIGHTENING_OR_RETURN"
  ],
  "systematic_risk": 0.12792614865562826,
  "unresolved_variability_score": 0.6748143220851166
}
