{
  "branch_class": "VARIABLE_OR_UNRESOLVED",
  "branch_confidence": "HIGH",
  "branch_rank": 591,
  "branch_rank_score": 0.43906720653769626,
  "cluster_id": "MESSIER_061_branch_0036",
  "dec_deg": 4.476870075389996,
  "dust_survivor_score": 0.16000000000000003,
  "export_failure_score": 0.4690495261674883,
  "galaxy_name": "MESSIER 061",
  "partial_branch_score": 0.3500466762175614,
  "ra_deg": 185.47746622664255,
  "reason_codes": [
    "BENCHMARK_GUARDRAIL_OK",
    "LONG_BASELINE_SUPPORT",
    "MULTI_PAIR_LOCALIZATION",
    "REBRIGHTENING_OR_RETURN"
  ],
  "systematic_risk": 0.1428853476060887,
  "unresolved_variability_score": 0.6463070943918569
}
