{
  "branch_class": "VARIABLE_OR_UNRESOLVED",
  "branch_confidence": "LOW",
  "branch_rank": 251,
  "branch_rank_score": 0.5877411313159029,
  "cluster_id": "MESSIER_061_branch_0099",
  "dec_deg": 4.479972013619077,
  "dust_survivor_score": 0.13999999999999999,
  "export_failure_score": 0.5210721297824779,
  "galaxy_name": "MESSIER 061",
  "partial_branch_score": 0.4401998656040554,
  "ra_deg": 185.47985408647241,
  "reason_codes": [
    "BENCHMARK_GUARDRAIL_OK",
    "LONG_BASELINE_SUPPORT",
    "MULTI_PAIR_LOCALIZATION",
    "REBRIGHTENING_OR_RETURN"
  ],
  "systematic_risk": 0.14268712175754142,
  "unresolved_variability_score": 0.5555449829533075
}
