{
  "branch_class": "VARIABLE_OR_UNRESOLVED",
  "branch_confidence": "MEDIUM",
  "branch_rank": 688,
  "branch_rank_score": 0.30147973964374614,
  "cluster_id": "MESSIER_061_branch_0380",
  "dec_deg": 4.471109717032653,
  "dust_survivor_score": 0.215,
  "export_failure_score": 0.4227305744571644,
  "galaxy_name": "MESSIER 061",
  "partial_branch_score": 0.47725146569796983,
  "ra_deg": 185.4738322502422,
  "reason_codes": [
    "BENCHMARK_GUARDRAIL_OK",
    "LONG_BASELINE_SUPPORT",
    "REBRIGHTENING_OR_RETURN"
  ],
  "systematic_risk": 0.21034843115948404,
  "unresolved_variability_score": 0.5924822699917706
}
