{
  "branch_class": "VARIABLE_OR_UNRESOLVED",
  "branch_confidence": "MEDIUM",
  "branch_rank": 516,
  "branch_rank_score": 0.4793297646683432,
  "cluster_id": "MESSIER_061_branch_0365",
  "dec_deg": 4.481309600958339,
  "dust_survivor_score": 0.13999999999999999,
  "export_failure_score": 0.4794093861775828,
  "galaxy_name": "MESSIER 061",
  "partial_branch_score": 0.47812848449874257,
  "ra_deg": 185.47878998647676,
  "reason_codes": [
    "BENCHMARK_GUARDRAIL_OK",
    "LONG_BASELINE_SUPPORT",
    "REBRIGHTENING_OR_RETURN"
  ],
  "systematic_risk": 0.14410588683361394,
  "unresolved_variability_score": 0.5918494552772943
}
