{
  "branch_class": "VARIABLE_OR_UNRESOLVED",
  "branch_confidence": "LOW",
  "branch_rank": 716,
  "branch_rank_score": 0.3596265545260512,
  "cluster_id": "MESSIER_061_branch_0163",
  "dec_deg": 4.461256416431413,
  "dust_survivor_score": 0.15000000000000002,
  "export_failure_score": 0.4746818602863877,
  "galaxy_name": "MESSIER 061",
  "partial_branch_score": 0.307365631298651,
  "ra_deg": 185.47394647575558,
  "reason_codes": [
    "BENCHMARK_GUARDRAIL_OK",
    "LONG_BASELINE_SUPPORT",
    "MULTI_PAIR_LOCALIZATION",
    "REBRIGHTENING_OR_RETURN"
  ],
  "systematic_risk": 0.22257970950846398,
  "unresolved_variability_score": 0.5181540618848621
}
