{
  "branch_class": "DUST_SURVIVOR_LIKE",
  "branch_confidence": "LOW",
  "branch_rank": 623,
  "branch_rank_score": 0.42779229612692116,
  "cluster_id": "MESSIER_066_branch_0021",
  "dec_deg": 12.978694067497532,
  "dust_survivor_score": 0.545,
  "export_failure_score": 0.537704258790945,
  "galaxy_name": "MESSIER 066",
  "partial_branch_score": 0.4078710683100895,
  "ra_deg": 170.06677317484161,
  "reason_codes": [
    "BENCHMARK_GUARDRAIL_OK",
    "LONG_BASELINE_SUPPORT",
    "REBRIGHTENING_OR_RETURN"
  ],
  "systematic_risk": 0.09778525594386098,
  "unresolved_variability_score": 0.4924963459358955
}
