{
  "branch_class": "INTERMEDIATE_BRANCH_LIKE",
  "branch_confidence": "LOW",
  "branch_rank": 381,
  "branch_rank_score": 0.5781255275028856,
  "cluster_id": "MESSIER_066_branch_0198",
  "dec_deg": 12.992002072606564,
  "dust_survivor_score": 0.14,
  "export_failure_score": 0.5398367527282442,
  "galaxy_name": "MESSIER 066",
  "partial_branch_score": 0.5032821365129093,
  "ra_deg": 170.04798623151504,
  "reason_codes": [
    "BENCHMARK_GUARDRAIL_OK",
    "LONG_BASELINE_SUPPORT"
  ],
  "systematic_risk": 0.11941433466080531,
  "unresolved_variability_score": 0.4428404202890718
}
