{
  "branch_class": "STRONG_EXPORT_FAILURE_LIKE",
  "branch_confidence": "HIGH",
  "branch_rank": 420,
  "branch_rank_score": 0.4642126532990049,
  "cluster_id": "MESSIER_061_branch_0168",
  "dec_deg": 4.479402444683727,
  "dust_survivor_score": 0.11666666666666667,
  "export_failure_score": 0.5595404049108613,
  "galaxy_name": "MESSIER 061",
  "partial_branch_score": 0.36536758353946935,
  "ra_deg": 185.4785789113624,
  "reason_codes": [
    "BENCHMARK_GUARDRAIL_OK",
    "LONG_BASELINE_SUPPORT",
    "MIR_FADE_SUPPORT"
  ],
  "systematic_risk": 0.1443212632200575,
  "unresolved_variability_score": 0.3934558579107533
}
