{
  "branch_class": "STRONG_EXPORT_FAILURE_LIKE",
  "branch_confidence": "LOW",
  "branch_rank": 157,
  "branch_rank_score": 0.625624794545352,
  "cluster_id": "MESSIER_061_branch_0110",
  "dec_deg": 4.470591270961556,
  "dust_survivor_score": 0.13166666666666668,
  "export_failure_score": 0.5462836691294028,
  "galaxy_name": "MESSIER 061",
  "partial_branch_score": 0.5365048873727601,
  "ra_deg": 185.4743734163492,
  "reason_codes": [
    "BENCHMARK_GUARDRAIL_OK",
    "FORCED_COHERENCE_STRONG",
    "LONG_BASELINE_SUPPORT",
    "MULTI_PAIR_LOCALIZATION"
  ],
  "systematic_risk": 0.1614849207788081,
  "unresolved_variability_score": 0.4027836661075853
}
