{
  "branch_class": "VARIABLE_OR_UNRESOLVED",
  "branch_confidence": "MEDIUM",
  "branch_rank": 416,
  "branch_rank_score": 0.4732595308545321,
  "cluster_id": "NGC_4388_branch_0006",
  "dec_deg": 12.66102233497756,
  "dust_survivor_score": 0.016666666666666653,
  "export_failure_score": 0.6451902484928022,
  "galaxy_name": "NGC 4388",
  "partial_branch_score": 0.48557431316362915,
  "ra_deg": 186.44419721445817,
  "reason_codes": [
    "BENCHMARK_GUARDRAIL_OK",
    "FORCED_COHERENCE_STRONG",
    "LONG_BASELINE_SUPPORT",
    "MIR_FADE_SUPPORT",
    "PERSISTENT_FADE_SUPPORT",
    "REGISTRATION_WEAK"
  ],
  "systematic_risk": 0.29723093410810353,
  "unresolved_variability_score": 0.1694245686282056
}
