{
  "branch_class": "VARIABLE_OR_UNRESOLVED",
  "branch_confidence": "LOW",
  "branch_rank": 698,
  "branch_rank_score": 0.3924158067201863,
  "cluster_id": "MESSIER_066_branch_0281",
  "dec_deg": 12.982941621889248,
  "dust_survivor_score": 0.5,
  "export_failure_score": 0.4755559827531563,
  "galaxy_name": "MESSIER 066",
  "partial_branch_score": 0.44574087734472106,
  "ra_deg": 170.0722023042379,
  "reason_codes": [
    "BENCHMARK_GUARDRAIL_OK",
    "LONG_BASELINE_SUPPORT",
    "REBRIGHTENING_OR_RETURN"
  ],
  "systematic_risk": 0.13855619322160376,
  "unresolved_variability_score": 0.49487074098756034
}
