{
  "branch_class": "VARIABLE_OR_UNRESOLVED",
  "branch_confidence": "MEDIUM",
  "branch_rank": 857,
  "branch_rank_score": 0.19202256324074576,
  "cluster_id": "MESSIER_061_branch_0372",
  "dec_deg": 4.47672392650631,
  "dust_survivor_score": 0.27,
  "export_failure_score": 0.3548361615403565,
  "galaxy_name": "MESSIER 061",
  "partial_branch_score": 0.35778012651925667,
  "ra_deg": 185.4804611722338,
  "reason_codes": [
    "BENCHMARK_GUARDRAIL_OK",
    "LONG_BASELINE_SUPPORT",
    "REBRIGHTENING_OR_RETURN"
  ],
  "systematic_risk": 0.15536659046176157,
  "unresolved_variability_score": 0.7453417911444913
}
