{
  "branch_class": "VARIABLE_OR_UNRESOLVED",
  "branch_confidence": "HIGH",
  "branch_rank": 766,
  "branch_rank_score": 0.3509223249155845,
  "cluster_id": "MESSIER_061_branch_0154",
  "dec_deg": 4.478726414014425,
  "dust_survivor_score": 0.21000000000000002,
  "export_failure_score": 0.3929905737740839,
  "galaxy_name": "MESSIER 061",
  "partial_branch_score": 0.32967887831073467,
  "ra_deg": 185.47962702258604,
  "reason_codes": [
    "BENCHMARK_GUARDRAIL_OK",
    "LONG_BASELINE_SUPPORT",
    "MULTI_PAIR_LOCALIZATION",
    "REBRIGHTENING_OR_RETURN"
  ],
  "systematic_risk": 0.15324731082004386,
  "unresolved_variability_score": 0.6952333764610237
}
