{
  "branch_class": "DUST_SURVIVOR_LIKE",
  "branch_confidence": "MEDIUM",
  "branch_rank": 843,
  "branch_rank_score": 0.27668171468778313,
  "cluster_id": "MESSIER_066_branch_0117",
  "dec_deg": 12.999074799313789,
  "dust_survivor_score": 0.6975000000000001,
  "export_failure_score": 0.44034884881932024,
  "galaxy_name": "MESSIER 066",
  "partial_branch_score": 0.3585784288064639,
  "ra_deg": 170.0589429089938,
  "reason_codes": [
    "BENCHMARK_GUARDRAIL_OK",
    "DUST_COMPETITOR_PRESENT",
    "LONG_BASELINE_SUPPORT",
    "REBRIGHTENING_OR_RETURN"
  ],
  "systematic_risk": 0.11945002510029312,
  "unresolved_variability_score": 0.6166522641030026
}
