{
  "branch_class": "VARIABLE_OR_UNRESOLVED",
  "branch_confidence": "HIGH",
  "branch_rank": 794,
  "branch_rank_score": 0.32900443280022135,
  "cluster_id": "MESSIER_061_branch_0140",
  "dec_deg": 4.479957062630853,
  "dust_survivor_score": 0.16999999999999998,
  "export_failure_score": 0.40452114458971344,
  "galaxy_name": "MESSIER 061",
  "partial_branch_score": 0.256794484828098,
  "ra_deg": 185.4801842880231,
  "reason_codes": [
    "BENCHMARK_GUARDRAIL_OK",
    "LONG_BASELINE_SUPPORT",
    "MIR_FADE_SUPPORT",
    "MULTI_PAIR_LOCALIZATION",
    "REBRIGHTENING_OR_RETURN"
  ],
  "systematic_risk": 0.18136573614960178,
  "unresolved_variability_score": 0.6254136997616335
}
