{
  "branch_class": "VARIABLE_OR_UNRESOLVED",
  "branch_confidence": "HIGH",
  "branch_rank": 640,
  "branch_rank_score": 0.4182190559602041,
  "cluster_id": "MESSIER_066_branch_0200",
  "dec_deg": 12.980112210292907,
  "dust_survivor_score": 0.16000000000000003,
  "export_failure_score": 0.46129860008525225,
  "galaxy_name": "MESSIER 066",
  "partial_branch_score": 0.30268945915561307,
  "ra_deg": 170.07285457286554,
  "reason_codes": [
    "BENCHMARK_GUARDRAIL_OK",
    "LONG_BASELINE_SUPPORT",
    "REBRIGHTENING_OR_RETURN"
  ],
  "systematic_risk": 0.1252936840893497,
  "unresolved_variability_score": 0.6604806897358498
}
