{
  "branch_class": "STRONG_EXPORT_FAILURE_LIKE",
  "branch_confidence": "MEDIUM",
  "branch_rank": 432,
  "branch_rank_score": 0.4537774667773855,
  "cluster_id": "MESSIER_066_branch_0116",
  "dec_deg": 12.993212133666404,
  "dust_survivor_score": 0.06999999999999999,
  "export_failure_score": 0.5814452906400921,
  "galaxy_name": "MESSIER 066",
  "partial_branch_score": 0.47377783342149116,
  "ra_deg": 170.06282343709813,
  "reason_codes": [
    "BENCHMARK_GUARDRAIL_OK",
    "LONG_BASELINE_SUPPORT"
  ],
  "systematic_risk": 0.14658641534744252,
  "unresolved_variability_score": 0.441321116129024
}
