{
  "branch_class": "VARIABLE_OR_UNRESOLVED",
  "branch_confidence": "LOW",
  "branch_rank": 489,
  "branch_rank_score": 0.4051816760158042,
  "cluster_id": "MESSIER_061_branch_0374",
  "dec_deg": 4.4912578971461965,
  "dust_survivor_score": 0.12,
  "export_failure_score": 0.5358942378884999,
  "galaxy_name": "MESSIER 061",
  "partial_branch_score": 0.5476881373373097,
  "ra_deg": 185.48405433600513,
  "reason_codes": [
    "BENCHMARK_GUARDRAIL_OK",
    "FORCED_COHERENCE_STRONG",
    "LONG_BASELINE_SUPPORT"
  ],
  "systematic_risk": 0.15469882757592812,
  "unresolved_variability_score": 0.45683820901954864
}
