{
  "branch_class": "VARIABLE_OR_UNRESOLVED",
  "branch_confidence": "MEDIUM",
  "branch_rank": 662,
  "branch_rank_score": 0.3123102636452169,
  "cluster_id": "MESSIER_061_branch_0205",
  "dec_deg": 4.480462084405201,
  "dust_survivor_score": 0.16499999999999998,
  "export_failure_score": 0.4509812542033739,
  "galaxy_name": "MESSIER 061",
  "partial_branch_score": 0.3498031824536222,
  "ra_deg": 185.47787032084813,
  "reason_codes": [
    "BENCHMARK_GUARDRAIL_OK",
    "LONG_BASELINE_SUPPORT",
    "REBRIGHTENING_OR_RETURN"
  ],
  "systematic_risk": 0.17898026481097076,
  "unresolved_variability_score": 0.5977702589966005
}
