{
  "branch_class": "VARIABLE_OR_UNRESOLVED",
  "branch_confidence": "MEDIUM",
  "branch_rank": 603,
  "branch_rank_score": 0.3423927280502065,
  "cluster_id": "MESSIER_066_branch_0146",
  "dec_deg": 12.979534689291913,
  "dust_survivor_score": 0.18000000000000002,
  "export_failure_score": 0.4690668384545021,
  "galaxy_name": "MESSIER 066",
  "partial_branch_score": 0.3055436919115189,
  "ra_deg": 170.07181418342387,
  "reason_codes": [
    "BENCHMARK_GUARDRAIL_OK",
    "LONG_BASELINE_SUPPORT",
    "REBRIGHTENING_OR_RETURN"
  ],
  "systematic_risk": 0.10326705149603879,
  "unresolved_variability_score": 0.6826264569799441
}
