{
  "branch_class": "VARIABLE_OR_UNRESOLVED",
  "branch_confidence": "HIGH",
  "branch_rank": 609,
  "branch_rank_score": 0.4326254652947732,
  "cluster_id": "MESSIER_066_branch_0129",
  "dec_deg": 12.995534143402358,
  "dust_survivor_score": 0.26,
  "export_failure_score": 0.4465174103373507,
  "galaxy_name": "MESSIER 066",
  "partial_branch_score": 0.43866370356854417,
  "ra_deg": 170.05845039299194,
  "reason_codes": [
    "BENCHMARK_GUARDRAIL_OK",
    "LONG_BASELINE_SUPPORT",
    "REBRIGHTENING_OR_RETURN"
  ],
  "systematic_risk": 0.14111669180531816,
  "unresolved_variability_score": 0.6899003226742555
}
