{
  "branch_class": "STRONG_EXPORT_FAILURE_LIKE",
  "branch_confidence": "MEDIUM",
  "branch_rank": 571,
  "branch_rank_score": 0.4469482882363067,
  "cluster_id": "MESSIER_066_branch_0277",
  "dec_deg": 12.979966713994258,
  "dust_survivor_score": 0.3950000000000001,
  "export_failure_score": 0.5295935312572659,
  "galaxy_name": "MESSIER 066",
  "partial_branch_score": 0.40566737783420054,
  "ra_deg": 170.07587244868697,
  "reason_codes": [
    "BENCHMARK_GUARDRAIL_OK",
    "LONG_BASELINE_SUPPORT"
  ],
  "systematic_risk": 0.1408891711846352,
  "unresolved_variability_score": 0.38143868046474183
}
