{
  "branch_class": "INTERMEDIATE_BRANCH_LIKE",
  "branch_confidence": "LOW",
  "branch_rank": 433,
  "branch_rank_score": 0.5264094107818349,
  "cluster_id": "MESSIER_066_branch_0126",
  "dec_deg": 12.981690347665163,
  "dust_survivor_score": 0.45500000000000007,
  "export_failure_score": 0.5780426961592914,
  "galaxy_name": "MESSIER 066",
  "partial_branch_score": 0.5272978475291308,
  "ra_deg": 170.04870830914996,
  "reason_codes": [
    "BENCHMARK_GUARDRAIL_OK",
    "LONG_BASELINE_SUPPORT"
  ],
  "systematic_risk": 0.13133788750201875,
  "unresolved_variability_score": 0.3254867755484995
}
