{
  "branch_class": "VARIABLE_OR_UNRESOLVED",
  "branch_confidence": "HIGH",
  "branch_rank": 569,
  "branch_rank_score": 0.3635886992776988,
  "cluster_id": "MESSIER_066_branch_0028",
  "dec_deg": 12.987282083429898,
  "dust_survivor_score": 0.17,
  "export_failure_score": 0.4737834819577106,
  "galaxy_name": "MESSIER 066",
  "partial_branch_score": 0.27516919869539985,
  "ra_deg": 170.06159290596946,
  "reason_codes": [
    "BENCHMARK_GUARDRAIL_OK",
    "LONG_BASELINE_SUPPORT",
    "REBRIGHTENING_OR_RETURN"
  ],
  "systematic_risk": 0.10746391236518903,
  "unresolved_variability_score": 0.7101739549414119
}
