{
  "branch_class": "INTERMEDIATE_BRANCH_LIKE",
  "branch_confidence": "LOW",
  "branch_rank": 428,
  "branch_rank_score": 0.5302457503381347,
  "cluster_id": "MESSIER_066_branch_0080",
  "dec_deg": 12.994301409290992,
  "dust_survivor_score": 0.465,
  "export_failure_score": 0.5597888405637261,
  "galaxy_name": "MESSIER 066",
  "partial_branch_score": 0.550971153672886,
  "ra_deg": 170.04537861552998,
  "reason_codes": [
    "BENCHMARK_GUARDRAIL_OK",
    "LONG_BASELINE_SUPPORT",
    "PARTIAL_SUPPRESSION_PATTERN"
  ],
  "systematic_risk": 0.10134674160791096,
  "unresolved_variability_score": 0.3975928725699138
}
