{
  "branch_class": "VARIABLE_OR_UNRESOLVED",
  "branch_confidence": "LOW",
  "branch_rank": 484,
  "branch_rank_score": 0.40831727600650497,
  "cluster_id": "MESSIER_066_branch_0175",
  "dec_deg": 12.982061215061286,
  "dust_survivor_score": 0.2,
  "export_failure_score": 0.5412572063264843,
  "galaxy_name": "MESSIER 066",
  "partial_branch_score": 0.4756426933966535,
  "ra_deg": 170.05633692635382,
  "reason_codes": [
    "BENCHMARK_GUARDRAIL_OK",
    "LONG_BASELINE_SUPPORT",
    "REBRIGHTENING_OR_RETURN"
  ],
  "systematic_risk": 0.14224369042195176,
  "unresolved_variability_score": 0.5046419296809768
}
