{
  "branch_class": "STRONG_EXPORT_FAILURE_LIKE",
  "branch_confidence": "LOW",
  "branch_rank": 494,
  "branch_rank_score": 0.49346094319883116,
  "cluster_id": "MESSIER_066_branch_0152",
  "dec_deg": 12.99133176685756,
  "dust_survivor_score": 0.14,
  "export_failure_score": 0.4997586883408633,
  "galaxy_name": "MESSIER 066",
  "partial_branch_score": 0.47532141651037896,
  "ra_deg": 170.05838673058506,
  "reason_codes": [
    "BENCHMARK_GUARDRAIL_OK",
    "LONG_BASELINE_SUPPORT"
  ],
  "systematic_risk": 0.14983472714130378,
  "unresolved_variability_score": 0.4705569362053058
}
