{
  "branch_class": "VARIABLE_OR_UNRESOLVED",
  "branch_confidence": "LOW",
  "branch_rank": 894,
  "branch_rank_score": 0.12532267386306578,
  "cluster_id": "MESSIER_061_branch_0285",
  "dec_deg": 4.473787688885961,
  "dust_survivor_score": 0.35000000000000003,
  "export_failure_score": 0.2452732225400597,
  "galaxy_name": "MESSIER 061",
  "partial_branch_score": 0.17169626684721856,
  "ra_deg": 185.47740273197778,
  "reason_codes": [
    "BENCHMARK_GUARDRAIL_OK",
    "COVERAGE_LIMITED",
    "LONG_BASELINE_SUPPORT",
    "REBRIGHTENING_OR_RETURN"
  ],
  "systematic_risk": 0.14536809833512643,
  "unresolved_variability_score": 0.8903900089265278
}
