{
  "branch_class": "VARIABLE_OR_UNRESOLVED",
  "branch_confidence": "HIGH",
  "branch_rank": 612,
  "branch_rank_score": 0.413282105475589,
  "cluster_id": "MESSIER_066_branch_0040",
  "dec_deg": 12.990900770467288,
  "dust_survivor_score": 0.26,
  "export_failure_score": 0.45189668981376296,
  "galaxy_name": "MESSIER 066",
  "partial_branch_score": 0.4311222535843867,
  "ra_deg": 170.07521724149476,
  "reason_codes": [
    "BENCHMARK_GUARDRAIL_OK",
    "LONG_BASELINE_SUPPORT",
    "REBRIGHTENING_OR_RETURN"
  ],
  "systematic_risk": 0.1007263940224033,
  "unresolved_variability_score": 0.6950003032175944
}
