{
  "branch_class": "VARIABLE_OR_UNRESOLVED",
  "branch_confidence": "LOW",
  "branch_rank": 589,
  "branch_rank_score": 0.35152697642599046,
  "cluster_id": "MESSIER_101_branch_0092",
  "dec_deg": 54.30084238471638,
  "dust_survivor_score": 0.1,
  "export_failure_score": 0.5256637465097737,
  "galaxy_name": "MESSIER 101",
  "partial_branch_score": 0.35500387829876257,
  "ra_deg": 210.74996884410646,
  "reason_codes": [
    "BENCHMARK_GUARDRAIL_OK",
    "COVERAGE_LIMITED",
    "LONG_BASELINE_SUPPORT"
  ],
  "systematic_risk": 0.10926645918991013,
  "unresolved_variability_score": 0.445887357003966
}
