{
  "branch_class": "VARIABLE_OR_UNRESOLVED",
  "branch_confidence": "LOW",
  "branch_rank": 547,
  "branch_rank_score": 0.3729014579672729,
  "cluster_id": "MESSIER_066_branch_0180",
  "dec_deg": 12.987109779047653,
  "dust_survivor_score": 0.22999999999999998,
  "export_failure_score": 0.508679429107467,
  "galaxy_name": "MESSIER 066",
  "partial_branch_score": 0.44229975178848413,
  "ra_deg": 170.0559553512124,
  "reason_codes": [
    "BENCHMARK_GUARDRAIL_OK",
    "LONG_BASELINE_SUPPORT",
    "REBRIGHTENING_OR_RETURN"
  ],
  "systematic_risk": 0.13146728847653472,
  "unresolved_variability_score": 0.5754848712891462
}
