{
  "branch_class": "VARIABLE_OR_UNRESOLVED",
  "branch_confidence": "LOW",
  "branch_rank": 787,
  "branch_rank_score": 0.33540485219949107,
  "cluster_id": "MESSIER_061_branch_0339",
  "dec_deg": 4.479146216420303,
  "dust_survivor_score": 0.29000000000000004,
  "export_failure_score": 0.34330070058296863,
  "galaxy_name": "MESSIER 061",
  "partial_branch_score": 0.45436479619938147,
  "ra_deg": 185.48079402725133,
  "reason_codes": [
    "BENCHMARK_GUARDRAIL_OK",
    "COVERAGE_LIMITED",
    "LONG_BASELINE_SUPPORT",
    "REBRIGHTENING_OR_RETURN"
  ],
  "systematic_risk": 0.1758050006127038,
  "unresolved_variability_score": 0.7050727771622542
}
