{
  "branch_class": "VARIABLE_OR_UNRESOLVED",
  "branch_confidence": "MEDIUM",
  "branch_rank": 758,
  "branch_rank_score": 0.2673075322975705,
  "cluster_id": "MESSIER_066_branch_0094",
  "dec_deg": 12.997937903283468,
  "dust_survivor_score": 0.26,
  "export_failure_score": 0.4138277066129856,
  "galaxy_name": "MESSIER 066",
  "partial_branch_score": 0.4151672423516073,
  "ra_deg": 170.05333034439016,
  "reason_codes": [
    "BENCHMARK_GUARDRAIL_OK",
    "LONG_BASELINE_SUPPORT",
    "REBRIGHTENING_OR_RETURN"
  ],
  "systematic_risk": 0.12753134604380117,
  "unresolved_variability_score": 0.710955314450374
}
