{
  "branch_class": "VARIABLE_OR_UNRESOLVED",
  "branch_confidence": "LOW",
  "branch_rank": 505,
  "branch_rank_score": 0.3944829615948528,
  "cluster_id": "MESSIER_066_branch_0194",
  "dec_deg": 12.98275613521646,
  "dust_survivor_score": 0.1,
  "export_failure_score": 0.5157525938514317,
  "galaxy_name": "MESSIER 066",
  "partial_branch_score": 0.36247534943583626,
  "ra_deg": 170.06393156856927,
  "reason_codes": [
    "BENCHMARK_GUARDRAIL_OK",
    "LONG_BASELINE_SUPPORT",
    "REBRIGHTENING_OR_RETURN"
  ],
  "systematic_risk": 0.15042331193026875,
  "unresolved_variability_score": 0.5106947994556266
}
