{
  "branch_class": "VARIABLE_OR_UNRESOLVED",
  "branch_confidence": "MEDIUM",
  "branch_rank": 541,
  "branch_rank_score": 0.46239309522409117,
  "cluster_id": "MESSIER_066_branch_0237",
  "dec_deg": 12.985859709196227,
  "dust_survivor_score": 0.13999999999999999,
  "export_failure_score": 0.43408045039873466,
  "galaxy_name": "MESSIER 066",
  "partial_branch_score": 0.4782931114377513,
  "ra_deg": 170.06546962575834,
  "reason_codes": [
    "BENCHMARK_GUARDRAIL_OK",
    "LONG_BASELINE_SUPPORT",
    "REBRIGHTENING_OR_RETURN"
  ],
  "systematic_risk": 0.17312850891900383,
  "unresolved_variability_score": 0.6746390443025099
}
