{
  "branch_class": "VARIABLE_OR_UNRESOLVED",
  "branch_confidence": "HIGH",
  "branch_rank": 409,
  "branch_rank_score": 0.4827103902051691,
  "cluster_id": "MESSIER_061_branch_0083",
  "dec_deg": 4.483917200029737,
  "dust_survivor_score": 0.17500000000000002,
  "export_failure_score": 0.4396100579280837,
  "galaxy_name": "MESSIER 061",
  "partial_branch_score": 0.25644067677721843,
  "ra_deg": 185.4804780941536,
  "reason_codes": [
    "BENCHMARK_GUARDRAIL_OK",
    "LONG_BASELINE_SUPPORT",
    "MULTI_PAIR_LOCALIZATION",
    "REBRIGHTENING_OR_RETURN"
  ],
  "systematic_risk": 0.15924872143873706,
  "unresolved_variability_score": 0.6133315045470603
}
