{
  "branch_class": "VARIABLE_OR_UNRESOLVED",
  "branch_confidence": "MEDIUM",
  "branch_rank": 727,
  "branch_rank_score": 0.3743078566156008,
  "cluster_id": "MESSIER_066_branch_0287",
  "dec_deg": 12.9832075841117,
  "dust_survivor_score": 0.22999999999999998,
  "export_failure_score": 0.4315378559900133,
  "galaxy_name": "MESSIER 066",
  "partial_branch_score": 0.417291887223862,
  "ra_deg": 170.05566516736974,
  "reason_codes": [
    "BENCHMARK_GUARDRAIL_OK",
    "LONG_BASELINE_SUPPORT",
    "REBRIGHTENING_OR_RETURN"
  ],
  "systematic_risk": 0.26592143203428076,
  "unresolved_variability_score": 0.5804927358537683
}
